date,RH
2018-01-01,43.63072567325451
2018-01-02,35.36361828384035
2018-01-03,39.22272125732257
2018-01-04,41.38911734276148
2018-01-05,43.92600275819204
2018-01-06,72.86567809958335
2018-01-07,74.28972161441041
2018-01-08,59.090895914263186
2018-01-09,70.97231713966909
2018-01-10,87.71638030410519
2018-01-11,65.36381583899504
2018-01-12,45.1742350227536
2018-01-13,42.59577205052119
2018-01-14,70.36501244837764
2018-01-15,62.241941851570715
2018-01-16,52.483813734729075
2018-01-17,36.51134339497738
2018-01-18,41.91103333149645
2018-01-19,72.42091926823868
2018-01-20,57.6970332656294
2018-01-21,40.17406035556571
2018-01-22,45.916110424882724
2018-01-23,46.426988139223035
2018-01-24,43.819285029793726
2018-01-25,47.595620367726795
2018-01-26,54.81245607420384
2018-01-27,61.5198174453421
2018-01-28,55.229401691579326
2018-01-29,61.71420360790638
2018-01-30,53.978847706514635
2018-01-31,57.219600897264826
2018-02-01,52.954862335786466
2018-02-02,77.00599062110331
2018-02-03,48.912874909368504
2018-02-04,42.38888640401764
2018-02-05,77.77444839456331
2018-02-06,74.14080261028916
2018-02-07,54.46194272436548
2018-02-08,64.6047119092722
2018-02-09,62.553463101005235
2018-02-10,80.59165205876694
2018-02-11,62.06812486308561
2018-02-12,54.61893170818647
2018-02-13,54.955875386863354
2018-02-14,42.47902091776292
2018-02-15,33.46316061236628
2018-02-16,42.62691510315685
2018-02-17,51.217168943088886
2018-02-18,38.35618537307301
2018-02-19,48.27972743298773
2018-02-20,52.77219361889869
2018-02-21,45.82326095975952
2018-02-22,58.788858407922596
2018-02-23,38.95216283333742
2018-02-24,52.89881259456997
2018-02-25,45.33387923604247
2018-02-26,38.801810867460844
2018-02-27,45.03376451900206
2018-02-28,34.012805491437135
2018-03-01,65.33356176268731
2018-03-02,44.17000024445263
2018-03-03,58.850670014306885
2018-03-04,67.87984718027944
2018-03-05,58.8001831334934
2018-03-06,70.61118057638096
2018-03-07,78.30300379583574
2018-03-08,72.03737798925268
2018-03-09,50.36234304678514
2018-03-10,52.063721476571075
2018-03-11,56.56050559146193
2018-03-12,46.110990410204636
2018-03-13,46.48115390277957
2018-03-14,44.63755075546404
2018-03-15,59.86902868848191
2018-03-16,76.63077422445325
2018-03-17,49.542055935923536
2018-03-18,73.30849470940198
2018-03-19,53.05220041376461
2018-03-20,61.19294602289908
2018-03-21,47.77674000647768
2018-03-22,45.04295766597834
2018-03-23,36.163668639112785
2018-03-24,77.93570741292855
2018-03-25,65.50697502000071
2018-03-26,46.393098561521015
2018-03-27,36.08352604621185
2018-03-28,33.93963528953713
2018-03-29,42.971075056303874
2018-03-30,55.87365080261147
2018-03-31,47.4653183462168
2018-04-01,32.45122584568793
2018-04-02,43.05303239137112
2018-04-03,51.36720481028171
2018-04-04,52.06132344864485
2018-04-05,38.094675352907686
2018-04-06,44.8896692380385
2018-04-07,69.93169361315707
2018-04-08,63.98902120880693
2018-04-09,64.85665979610968
2018-04-10,50.387738560306765
2018-04-11,72.18275000344904
2018-04-12,53.461200054060654
2018-04-13,69.40414394728474
2018-04-14,66.0557862456494
2018-04-15,47.848493305253996
2018-04-16,50.200997032810356
2018-04-17,42.44727534258694
2018-04-18,37.752972236586714
2018-04-19,38.646614968721046
2018-04-20,36.16917047526675
2018-04-21,37.97299060297273
2018-04-22,37.17082395186912
2018-04-23,39.2412865763424
2018-04-24,56.9574139070789
2018-04-25,74.42859046981879
2018-04-26,70.18724243195823
2018-04-27,53.06716656994398
2018-04-28,62.89679204724245
2018-04-29,50.471846297249535
2018-04-30,51.329970373978384
2018-05-01,69.2328651353991
2018-05-02,42.40211730821378
2018-05-03,51.10231540413685
2018-05-04,56.0532212508863
2018-05-05,51.98276486343942
2018-05-06,43.268034614763856
2018-05-07,67.57745482377919
2018-05-08,62.2768572073784
2018-05-09,53.21740982963195
2018-05-10,52.32114483988143
2018-05-11,46.97257397295876
2018-05-12,51.38677339914567
2018-05-13,38.97473300770938
2018-05-14,31.861468897358336
2018-05-15,34.56008070821563
2018-05-16,36.12588921505444
2018-05-17,62.611183146729
2018-05-18,57.2292973982641
2018-05-19,52.6421387449327
2018-05-20,43.543692240785894
2018-05-21,55.480592926572726
2018-05-22,41.7998184891974
2018-05-23,39.139914566346675
2018-05-24,56.26665262827936
2018-05-25,50.47375482615563
2018-05-26,45.74057992622622
2018-05-27,61.87377949554363
2018-05-28,47.63077681998008
2018-05-29,50.95903226899727
2018-05-30,44.452348698002055
2018-05-31,43.050923290319645
2018-06-01,49.08224838314446
2018-06-02,50.45305576331286
2018-06-03,34.677220489192905
2018-06-04,38.6126482932607
2018-06-05,45.9419663691202
2018-06-06,43.26293018420153
2018-06-07,34.628581803398795
2018-06-08,35.16581478735436
2018-06-09,55.52613705629548
2018-06-10,48.14856105010621
2018-06-11,42.04088011412448
2018-06-12,39.69767809459429
2018-06-13,36.73563954225126
2018-06-14,36.34085658587598
2018-06-15,27.652071548471774
2018-06-16,27.838761752504315
2018-06-17,25.60294871737792
2018-06-18,31.185524330540492
2018-06-19,29.036730693659656
2018-06-20,33.342887625702566
2018-06-21,41.41535981770117
2018-06-22,41.58571709840585
2018-06-23,30.14387924455525
2018-06-24,31.04591114176709
2018-06-25,45.52217270473538
2018-06-26,45.39058363864463
2018-06-27,44.46832607147038
2018-06-28,40.998500105605174
2018-06-29,38.35065711863566
2018-06-30,39.22124842729189
2018-07-01,46.71215132953913
2018-07-02,38.33265413231232
2018-07-03,30.90008169847684
2018-07-04,34.88059994237599
2018-07-05,28.03806044199084
2018-07-06,26.80597478149773
2018-07-07,25.238198538176658
2018-07-08,30.82170801993082
2018-07-09,28.38600773120879
2018-07-10,26.187960461062612
2018-07-11,21.02066460999665
2018-07-12,32.34505534934468
2018-07-13,35.024817201747815
2018-07-14,25.969156624097092
2018-07-15,35.010053442174815
2018-07-16,30.5620557051478
2018-07-17,20.868522979629546
2018-07-18,23.331011343666038
2018-07-19,22.668895622628114
2018-07-20,26.260231454177784
2018-07-21,22.268728566634213
2018-07-22,26.37697210479335
2018-07-23,23.939071071977143
2018-07-24,28.43870888327457
2018-07-25,25.203233090462334
2018-07-26,27.581224859526518
2018-07-27,25.771194583813013
2018-07-28,22.31114571720973
2018-07-29,25.689422210833214
2018-07-30,25.169300480956537
2018-07-31,19.978455965914197
2018-08-01,18.30275224981481
2018-08-02,18.616030991449993
2018-08-03,19.74439606144348
2018-08-04,18.98865451443197
2018-08-05,18.782878131519034
2018-08-06,17.73986935165442
2018-08-07,17.798051702692682
2018-08-08,28.605546981782624
2018-08-09,38.396191721967405
2018-08-10,32.608189189516914
2018-08-11,28.781400280016722
2018-08-12,32.107379720473986
2018-08-13,26.640217543935172
2018-08-14,25.38563895726624
2018-08-15,27.393711816650157
2018-08-16,34.444708722608134
2018-08-17,39.53172256157515
2018-08-18,34.199010226849516
2018-08-19,26.336074536502963
2018-08-20,32.723368635332235
2018-08-21,35.75265948652416
2018-08-22,33.21985348833091
2018-08-23,28.644948462579773
2018-08-24,21.990750152352327
2018-08-25,24.140276609044463
2018-08-26,21.697331809243874
2018-08-27,17.77809477759637
2018-08-28,24.960716229617837
2018-08-29,35.80838489070201
2018-08-30,37.78190846912157
2018-08-31,27.522930770830385
2018-09-01,23.046487126959253
2018-09-02,20.14290774899212
2018-09-03,32.59397638301962
2018-09-04,30.936448933050556
2018-09-05,31.00043161683953
2018-09-06,36.58309688025135
2018-09-07,44.80561396551248
2018-09-08,52.085245303326964
2018-09-09,60.9847345912776
2018-09-10,50.12027176774875
2018-09-11,35.87827614069139
2018-09-12,52.561728437447634
2018-09-13,58.00906598367679
2018-09-14,71.08001029171797
2018-09-15,58.39111057476726
2018-09-16,53.96723904806767
2018-09-17,38.32889151217647
2018-09-18,43.63981021705005
2018-09-19,38.74407142589447
2018-09-20,38.94620417325974
2018-09-21,39.35888853163693
2018-09-22,28.343614436146805
2018-09-23,26.06030740886966
2018-09-24,26.4440910023116
2018-09-25,31.51616838812281
2018-09-26,40.239691030287204
2018-09-27,42.98985650197946
2018-09-28,44.83236105348439
2018-09-29,36.88936812665897
2018-09-30,35.10743880626645
2018-10-01,45.28677323444849
2018-10-02,37.35436275074297
2018-10-03,31.789603617156832
2018-10-04,27.58257561727557
2018-10-05,25.482775719267423
2018-10-06,26.609357014071836
2018-10-07,31.191822643547138
2018-10-08,39.5045683503644
2018-10-09,50.10216973736508
2018-10-10,39.98537143092655
2018-10-11,59.55168259957921
2018-10-12,42.58619181575058
2018-10-13,31.99158047295994
2018-10-14,43.966066254848386
2018-10-15,46.05745399868672
2018-10-16,69.75055281176417
2018-10-17,59.367056505336926
2018-10-18,78.17827321998436
2018-10-19,64.71783077954386
2018-10-20,50.995582789843105
2018-10-21,47.00329408803207
2018-10-22,46.596648434991025
2018-10-23,80.73449265879717
2018-10-24,51.93533806799313
2018-10-25,38.79159067255434
2018-10-26,53.247206634799156
2018-10-27,66.6188860832808
2018-10-28,87.69446468980378
2018-10-29,58.2646374997401
2018-10-30,56.27254531387235
2018-10-31,71.78780275658167
2018-11-01,76.43410516028216
2018-11-02,54.01894098953073
2018-11-03,61.178221462502464
2018-11-04,49.990184479595605
2018-11-05,66.22396372704198
2018-11-06,53.46082701715771
2018-11-07,50.95410399744566
2018-11-08,50.130595655664216
2018-11-09,61.82984649857223
2018-11-10,42.488493081018575
2018-11-11,40.098629584161344
2018-11-12,46.11444900658387
2018-11-13,59.942982766632824
2018-11-14,61.38444108038054
2018-11-15,54.71721898684981
2018-11-16,55.93793639036889
2018-11-17,54.94874914021708
2018-11-18,77.05393620826118
2018-11-19,68.86617240578964
2018-11-20,68.62529078467502
2018-11-21,53.26341994042927
2018-11-22,55.9960759732718
2018-11-23,84.01211889851858
2018-11-24,73.37605471080353
2018-11-25,75.36819763747755
2018-11-26,82.29218670932502
2018-11-27,44.664453796731266
2018-11-28,43.96038800495164
2018-11-29,48.09796115524772
2018-11-30,59.22416581040769
2018-12-01,59.79278983195715
2018-12-02,44.79086990407914
2018-12-03,43.04766262330194
2018-12-04,40.29697752262101
2018-12-05,38.370560639877624
2018-12-06,39.57290704343737
2018-12-07,42.5405118671915
2018-12-08,41.84659573693872
2018-12-09,39.68060105519466
2018-12-10,35.578781393196984
2018-12-11,46.55273310890936
2018-12-12,49.173240237573005
2018-12-13,52.15810114449789
2018-12-14,63.43031487804088
2018-12-15,47.05224827180574
2018-12-16,40.28118227728263
2018-12-17,43.52044045158902
2018-12-18,39.07685996350413
2018-12-19,44.94947407125525
2018-12-20,56.12115838715313
2018-12-21,53.59059302814744
2018-12-22,34.84632983850268
2018-12-23,30.12659157723187
2018-12-24,26.67761199917509
2018-12-25,29.592082426272224
2018-12-26,30.92058068092537
2018-12-27,32.571616961781864
2018-12-28,38.960052687498894
2018-12-29,53.013144977873516
2018-12-30,42.14543700998342
2019-01-01,27.856787918980018
2019-01-02,31.66317797653381
2019-01-03,34.1568952551374
2019-01-04,31.86775780375024
2019-01-05,25.829231371723708
2019-01-06,22.999425682142626
2019-01-07,25.735458799050246
2019-01-08,29.43691151321488
2019-01-09,24.903028825903387
2019-01-10,34.40494121902174
2019-01-11,48.3596200493711
2019-01-12,35.405770239089115
2019-01-13,30.042668484844427
2019-01-14,27.443566663959427
2019-01-15,31.66459823688699
2019-01-16,43.17625081047427
2019-01-17,48.823108166103516
2019-01-18,54.4957187109001
2019-01-19,79.2242121464968
2019-01-20,81.95715055489289
2019-01-21,71.81464830545335
2019-01-22,58.676727116487
2019-01-23,79.04535448389235
2019-01-24,76.02676061255063
2019-01-25,55.49261925967534
2019-01-26,45.02210856840605
2019-01-27,52.490417902045216
2019-01-28,56.34339843795099
2019-01-29,54.47341289131617
2019-01-30,57.23427420495026
2019-01-31,52.44250847292998
2019-02-01,52.322433414264275
2019-02-02,76.04185128774444
2019-02-03,45.17571620463164
2019-02-04,32.587080117748314
2019-02-05,27.69774342007952
2019-02-06,31.616943667018905
2019-02-07,40.00898128799939
2019-02-08,41.698875901800065
2019-02-09,37.866110772485484
2019-02-10,36.07087157946428
2019-02-11,38.277616713072696
2019-02-12,44.66985823670529
2019-02-13,35.467225428002884
2019-02-14,34.484088223881955
2019-02-15,27.260679302889365
2019-02-16,29.426243481746827
2019-02-17,31.524422007548825
2019-02-18,45.38517474206391
2019-02-19,46.77766899032436
2019-02-20,45.661100568499826
2019-02-21,37.42677246393412
2019-02-22,34.92152751605226
2019-02-23,28.170425332107143
2019-02-24,23.58389369349579
2019-02-25,28.509391426420066
2019-02-26,26.429606986564735
2019-02-27,21.713254579998317
2019-02-28,22.348792962448705
2019-03-01,30.489968595141672
2019-03-02,38.20227007184853
2019-03-03,33.11708106450348
2019-03-04,44.79144566640503
2019-03-05,32.13078510469587
2019-03-06,38.94849723443043
2019-03-07,76.28199395943007
2019-03-08,52.279812040229054
2019-03-09,47.80130793402967
2019-03-10,38.52085744250623
2019-03-11,28.0321772751559
2019-03-12,26.81809086185504
2019-03-13,33.457386298672
2019-03-14,29.69186897241332
2019-03-15,24.539556078761503
2019-03-16,19.278213166103647
2019-03-17,23.43808625694615
2019-03-18,27.206784736928686
2019-03-19,34.37248951437826
2019-03-20,33.0170858708111
2019-03-21,33.170056260481815
2019-03-22,33.87319600055136
2019-03-23,30.220274071244095
2019-03-24,37.55054027842245
2019-03-25,31.215418729938165
2019-03-26,27.70002327666459
2019-03-27,60.65422391039322
2019-03-28,46.35356665200179
2019-03-29,40.91549101670666
2019-03-30,46.54692196347429
2019-03-31,75.24208489738749
2019-04-01,54.18574721568098
2019-04-02,49.99949068541034
2019-04-03,49.72851798127434
2019-04-04,73.8656914275292
2019-04-05,59.74871148801505
2019-04-06,56.30819809994085
2019-04-07,46.68788698369526
2019-04-08,46.091379979041506
2019-04-09,50.26522364844544
2019-04-10,41.75474271587733
2019-04-11,45.37025737885099
2019-04-12,39.23710069850745
2019-04-13,32.7750192116129
2019-04-14,21.510926867490383
2019-04-15,24.26191175214036
2019-04-16,28.881757379347246
2019-04-17,21.631882953570184
2019-04-18,71.57155961160568
2019-04-19,56.65078398174313
2019-04-20,61.57151161597835
2019-04-21,67.53493360797522
2019-04-22,66.8551072453298
2019-04-23,64.98648630210323
2019-04-24,47.807504030514046
2019-04-25,45.75681509727374
2019-04-26,51.13029811665804
2019-04-27,37.42450585345749
2019-04-28,30.556108239663537
2019-04-29,29.002068962438372
2019-04-30,30.742902350174877
2019-05-01,30.696674407945043
2019-05-02,39.80819244321225
2019-05-03,65.21957346439514
2019-05-04,48.46339343246587
2019-05-05,34.39119787277885
2019-05-06,28.128109542758665
2019-05-07,30.750456746007174
2019-05-08,30.75063741290833
2019-05-09,28.92735298493234
2019-05-10,29.97969617793193
2019-05-11,28.84631137733737
2019-05-12,24.710302171093346
2019-05-13,18.65445193207536
2019-05-14,18.106946772948778
2019-05-15,14.533285516540925
2019-05-16,13.900062142930755
2019-05-17,30.279593167698863
2019-05-18,23.26143098566002
2019-05-19,33.370027384576986
2019-05-20,32.71669828093294
2019-05-21,32.62569112493067
2019-05-22,28.460955485144073
2019-05-23,25.903262987689665
2019-05-24,25.367650872009936
2019-05-25,28.781500805716956
2019-05-26,24.91861200362545
2019-05-27,20.888706210334565
2019-05-28,19.18781786084001
2019-05-29,23.333255057141308
2019-05-30,22.596989164216534
2019-05-31,21.27404960267375
2019-06-01,19.888328801752664
2019-06-02,16.338115711373497
2019-06-03,14.56631450843886
2019-06-04,17.61091472737299
2019-06-05,42.87619311295503
2019-06-06,32.19268372064203
2019-06-07,29.805084644205298
2019-06-08,27.364590148849214
2019-06-09,34.6519250442055
2019-06-10,27.566182607703183
2019-06-11,23.204163954407182
2019-06-12,23.410077774205
2019-06-13,33.90304450530026
2019-06-14,46.91721154571607
2019-06-15,33.215396654466105
2019-06-16,31.549708020901367
2019-06-17,27.012801318869634
2019-06-18,30.948036364985807
2019-06-19,27.5845947345514
2019-06-20,36.84359860253467
2019-06-21,29.692568647076715
2019-06-22,23.60205441349109
2019-06-23,28.284418694537873
2019-06-24,31.824959747909684
2019-06-25,29.281330136684517
2019-06-26,31.245366992695825
2019-06-27,32.6459701619871
2019-06-28,25.093707633509016
2019-06-29,26.328871479464944
2019-06-30,32.00554795285519
2019-07-01,34.25140897154731
2019-07-02,35.31659970194039
2019-07-03,35.95109355983633
2019-07-04,35.30188080492074
2019-07-05,28.965579353223994
2019-07-06,23.946399081350204
2019-07-07,30.39497427227431
2019-07-08,38.156807803026204
2019-07-09,33.21745251292248
2019-07-10,24.34701279994323
2019-07-11,21.89702982605362
2019-07-12,28.2623845993146
2019-07-13,29.427465305701013
2019-07-14,27.646408176508253
2019-07-15,23.387499601469102
2019-07-16,25.93384695071967
2019-07-17,33.1582406238821
2019-07-18,27.398149884146616
2019-07-19,23.119692560089504
2019-07-20,29.068910176368878
2019-07-21,30.80999735256399
2019-07-22,26.212730172485266
2019-07-23,24.856466347597728
2019-07-24,24.498403335006756
2019-07-25,25.252610951903208
2019-07-26,31.63077430861144
2019-07-27,27.53916987863558
2019-07-28,30.321038648882425
2019-07-29,36.43282387919764
2019-07-30,30.786279262423477
2019-07-31,26.06345393432179
2019-08-01,28.126844727151155
2019-08-02,37.07712081397378
2019-08-03,35.73128169739137
2019-08-04,34.75739106045906
2019-08-05,27.77576628282457
2019-08-06,19.38823494635579
2019-08-07,19.9118938575701
2019-08-08,21.179221893568794
2019-08-09,24.745453138146292
2019-08-10,26.617448528552668
2019-08-11,32.947806758482336
2019-08-12,30.22019125429533
2019-08-13,26.291171691804237
2019-08-14,29.934601326424136
2019-08-15,25.069100718934674
2019-08-16,23.66913785068986
2019-08-17,21.34480929211736
2019-08-18,23.05243968255836
2019-08-19,22.90986654334759
2019-08-20,27.250843324431553
2019-08-21,25.466002658057352
2019-08-22,25.74595364277515
2019-08-23,19.296454246045013
2019-08-24,19.384925507944473
2019-08-25,18.880143752853176
2019-08-26,28.61931125171734
2019-08-27,28.228516956395605
2019-08-28,24.738309047499136
2019-08-29,35.972216110475344
2019-08-30,35.90895574267326
2019-08-31,34.17844067912818
2019-09-01,29.557775433752933
2019-09-02,27.74058712201856
2019-09-03,33.03757992365284
2019-09-04,31.73824715464802
2019-09-05,33.96153323409183
2019-09-06,34.44680656470622
2019-09-07,47.82125140426852
2019-09-08,61.20105731717795
2019-09-09,43.930865174723706
2019-09-10,40.85151866569382
2019-09-11,35.29057289697677
2019-09-12,39.766863198221664
2019-09-13,30.90693833271227
2019-09-14,28.339439294599547
2019-09-15,33.23870739449815
2019-09-16,35.297556093959834
2019-09-17,34.24053473183387
2019-09-18,41.89877138210417
2019-09-19,36.222186245914784
2019-09-20,32.12853323877164
2019-09-21,34.76433023405341
2019-09-22,37.75503531102535
2019-09-23,37.72664262464452
2019-09-24,29.279144406500695
2019-09-25,25.31122747353222
2019-09-26,22.43713397798904
2019-09-27,23.22927266917362
2019-09-28,20.743666854642473
2019-09-29,21.080143898571116
2019-09-30,15.469807252931576
2019-10-01,16.874107034941204
2019-10-02,28.65968258613386
2019-10-03,26.059121447762692
2019-10-04,18.421871825306702
2019-10-05,21.1467129581746
2019-10-06,23.263765622659612
2019-10-07,19.188077447178955
2019-10-08,19.803809579077253
2019-10-09,23.9180750816788
2019-10-10,25.58825956823982
2019-10-11,31.554984410245154
2019-10-12,29.579749385789807
2019-10-13,23.220118043322174
2019-10-14,43.502251852186966
2019-10-15,42.47668556598954
2019-10-16,35.73364839897604
2019-10-17,36.131883970447305
2019-10-18,32.6155574108021
2019-10-19,30.594488038367682
2019-10-20,57.51387978137926
2019-10-21,59.908539338143605
2019-10-22,61.93097773000407
2019-10-23,51.04550246884661
2019-10-24,40.56641523285543
2019-10-25,29.97181999228177
2019-10-26,29.81567728247828
2019-10-27,37.05204233229613
2019-10-28,67.57042991989708
2019-10-29,55.83079781565067
2019-10-30,53.45794298605314
2019-10-31,53.03544386343144
2019-11-01,63.51173801883294
2019-11-02,50.010963183861584
2019-11-03,58.38250845375047
2019-11-04,49.09564966921964
2019-11-05,67.70264313791017
2019-11-06,49.34487233037092
2019-11-07,47.400057697274335
2019-11-08,49.91265369494551
2019-11-09,33.753147854585436
2019-11-10,65.94332203283358
2019-11-11,85.61099435857501
2019-11-12,58.187269808410214
2019-11-13,47.00792825661089
2019-11-14,42.149074256151955
2019-11-15,76.12239286979387
2019-11-16,67.56159401185147
2019-11-17,35.832457078546994
2019-11-18,69.73899857964261
2019-11-19,62.53812205876342
2019-11-20,50.9760512282647
2019-11-21,66.89797688785154
2019-11-22,79.31133173516743
2019-11-23,79.1026639740039
2019-11-24,58.889566049301386
2019-11-25,46.30511792707771
2019-11-26,43.55977900988367
2019-11-27,44.74746656509668
2019-11-28,46.91154495224459
2019-11-29,40.42102588584766
2019-11-30,39.78220382220163
2019-12-01,54.39246273226559
2019-12-02,75.6238251852618
2019-12-03,86.73081173965397
2019-12-04,75.37242453113831
2019-12-05,59.21163234872338
2019-12-06,55.52905721738222
2019-12-07,65.16166894889048
2019-12-08,65.70036356667455
2019-12-09,59.37550081011219
2019-12-10,55.365012382647585
2019-12-11,49.69069428312546
2019-12-12,54.26778267138075
2019-12-13,64.47552105642694
2019-12-14,56.160967973295726
2019-12-15,47.56535256122643
2019-12-16,33.19866928699396
2019-12-17,84.47472602670042
2019-12-18,54.614015245327856
2019-12-19,49.32038012653992
2019-12-20,54.25936075445934
2019-12-21,53.67235110032679
2019-12-22,60.43192219412295
2019-12-23,41.279179757317806
2019-12-24,35.19686036261333
2019-12-25,33.02504005740385
2019-12-26,37.64414849993273
2019-12-27,35.6863699901781
2019-12-28,32.366902474730516
2019-12-29,35.16172311391786
2019-12-30,35.816725955587216
2020-01-01,32.51498118726928
2020-01-02,36.76947706075443
2020-01-03,42.45615909860633
2020-01-04,53.53718903954089
2020-01-05,48.281762133956455
2020-01-06,44.436530881077836
2020-01-07,40.54046717572513
2020-01-08,31.64511428258859
2020-01-09,43.05272358449844
2020-01-10,52.944006053434634
2020-01-11,62.73230157384392
2020-01-12,49.04426018123769
2020-01-13,33.4576779062237
2020-01-14,33.503603834644075
2020-01-15,37.33517188796965
2020-01-16,33.462997229032645
2020-01-17,30.133184907834533
2020-01-18,27.425702499201304
2020-01-19,78.5696999741424
2020-01-20,77.20285709566826
2020-01-21,55.30202143723296
2020-01-22,62.59181744498349
2020-01-23,51.29406431551237
2020-01-24,48.92509544694012
2020-01-25,53.881964791715696
2020-01-26,60.53640713160085
2020-01-27,47.37724820621577
2020-01-28,37.22019323283772
2020-01-29,33.96395391158244
2020-01-30,31.499344814974513
2020-01-31,32.828061660600675
2020-02-01,34.02318242107905
2020-02-02,34.260347548752755
2020-02-03,28.91384368069812
2020-02-04,25.349137396051184
2020-02-05,27.77061834577034
2020-02-06,34.24019432090013
2020-02-07,42.81974637116825
2020-02-08,50.8911443730732
2020-02-09,44.88719489593892
2020-02-10,37.88788128855744
2020-02-11,24.7236456822192
2020-02-12,32.7761722324823
2020-02-13,41.60414694244181
2020-02-14,34.52150088014235
2020-02-15,34.86790119000535
2020-02-16,31.630491779431175
2020-02-17,35.55453943236424
2020-02-18,39.290387801544554
2020-02-19,50.42194397430004
2020-02-20,39.97537597617311
2020-02-21,39.258912858370536
2020-02-22,36.03071217097694
2020-02-23,21.42716393632637
2020-02-24,17.75593557204854
2020-02-25,32.232974069765994
2020-02-26,33.27932220963723
2020-02-27,27.068230788474327
2020-02-28,18.762577130794988
2020-02-29,26.148419345789016
2020-03-01,41.738049507944396
2020-03-02,43.87146550095368
2020-03-03,34.97788111473627
2020-03-04,24.17072027565181
2020-03-05,36.274567622363
2020-03-06,40.09075219623386
2020-03-07,33.87058874663739
2020-03-08,21.204108075215814
2020-03-09,20.948459662278463
2020-03-10,24.32455134864045
2020-03-11,23.246495829027772
2020-03-12,23.715716065363353
2020-03-13,33.84711326459547
2020-03-14,35.280411961772266
2020-03-15,41.28482686650062
2020-03-16,60.828701203282776
2020-03-17,52.54493344569262
2020-03-18,38.227642276612755
2020-03-19,47.15823443400158
2020-03-20,81.53094281150574
2020-03-21,67.52239604587817
2020-03-22,54.61632133947032
2020-03-23,58.37592092832195
2020-03-24,73.40446750392165
2020-03-25,74.74155993852274
2020-03-26,48.307993205156244
2020-03-27,54.67661024163179
2020-03-28,58.61765669244594
2020-03-29,53.103527067369036
2020-03-30,45.18189185586769
2020-03-31,53.05293245448429
2020-04-01,60.394016932157705
2020-04-02,58.7159761458792
2020-04-03,36.97369379910619
2020-04-04,33.32858476407245
2020-04-05,36.142979303809206
2020-04-06,49.11150837657778
2020-04-07,48.5789570159167
2020-04-08,43.40507275738592
2020-04-09,61.036519966338616
2020-04-10,61.20633874917555
2020-04-11,51.361531345706574
2020-04-12,55.66505991710243
2020-04-13,63.41064013263498
2020-04-14,60.63456164377299
2020-04-15,45.04495207365066
2020-04-16,42.184645968845025
2020-04-17,46.19446342250084
2020-04-18,45.05624946380563
2020-04-19,77.17369210634567
2020-04-20,48.14118757355633
2020-04-21,62.17126254676726
2020-04-22,47.57247328107826
2020-04-23,39.549597978197504
2020-04-24,35.79692179392342
2020-04-25,70.17554928891326
2020-04-26,51.815028795779774
2020-04-27,49.674476136615795
2020-04-28,52.9356243164094
2020-04-29,50.24543789840926
2020-04-30,40.94752829578898
2020-05-01,39.56439992238605
2020-05-02,31.4785175802728
2020-05-03,21.599203241851534
2020-05-04,26.09537820324144
2020-05-05,31.88656150863017
2020-05-06,36.976263852355856
2020-05-07,32.50541347181397
2020-05-08,38.40329250270041
2020-05-09,48.588133540911564
2020-05-10,44.85665402124061
2020-05-11,36.74402067178561
2020-05-12,51.77652451933191
2020-05-13,46.965825350519104
2020-05-14,45.09874333291641
2020-05-15,66.01871275704198
2020-05-16,70.3888435589205
2020-05-17,52.822642445223764
2020-05-18,42.02507074391732
2020-05-19,33.15106108387055
2020-05-20,27.890560137623392
2020-05-21,28.292669589558145
2020-05-22,24.52266992526723
2020-05-23,21.331571568700806
2020-05-24,19.215332180424483
2020-05-25,22.708128519385077
2020-05-26,25.533509396536896
2020-05-27,25.913118369549053
2020-05-28,27.912149484940148
2020-05-29,31.8107192950372
2020-05-30,33.14349055665854
2020-05-31,46.250543279294355
2020-06-01,38.00060357812361
2020-06-02,30.72606368925529
2020-06-03,30.10971660607355
2020-06-04,34.56353844715403
2020-06-05,33.21597962096575
2020-06-06,33.52596740074311
2020-06-07,47.701358464759515
2020-06-08,52.68436909628314
2020-06-09,41.02716700312158
2020-06-10,39.07959179223085
2020-06-11,43.98179745052329
2020-06-12,32.50421092938419
2020-06-13,38.18205500312123
2020-06-14,39.07737970255728
2020-06-15,28.089144239236965
2020-06-16,31.166819434257928
2020-06-17,33.86151201610014
2020-06-18,41.37019369693568
2020-06-19,40.526568812142855
2020-06-20,29.15449529318626
2020-06-21,26.448952904196197
2020-06-22,16.210511770967045
2020-06-23,19.81723090702087
2020-06-24,28.144161264119084
2020-06-25,36.13141775573351
2020-06-26,40.6593888317306
2020-06-27,35.421239732027914
2020-06-28,27.943076506931035
2020-06-29,20.261070434349993
2020-06-30,20.825882169621693
2020-07-01,17.601060103571545
2020-07-02,19.710572021077354
2020-07-03,24.566034828733383
2020-07-04,20.53997622023677
2020-07-05,17.032345748303552
2020-07-06,15.619980656018011
2020-07-07,10.828482802801672
2020-07-08,13.228909126245
2020-07-09,21.239085574122566
2020-07-10,22.27568068309925
2020-07-11,16.339923340580913
2020-07-12,19.82678671199135
2020-07-13,25.175291599274015
2020-07-14,20.82758601446597
2020-07-15,23.248870748631436
2020-07-16,21.351452188726117
2020-07-17,23.23203273997633
2020-07-18,22.877254134732365
2020-07-19,22.68040973821716
2020-07-20,19.32391504108236
2020-07-21,24.299814136053993
2020-07-22,25.711893098207184
2020-07-23,24.93855900039693
2020-07-24,25.33695513469895
2020-07-25,19.426812493653166
2020-07-26,20.28990731872283
2020-07-27,19.338661797482114
2020-07-28,21.56549257388552
2020-07-29,23.90441358867516
2020-07-30,18.02599996487216
2020-07-31,18.38782288915153
2020-08-01,22.015767338332306
2020-08-02,24.661392902109863
2020-08-03,21.791469418449367
2020-08-04,19.992715351023453
2020-08-05,21.343658874298434
2020-08-06,23.61259100964119
2020-08-07,27.417735070157995
2020-08-08,26.311785899284494
2020-08-09,22.352373243770575
2020-08-10,27.177745444963232
2020-08-11,32.366117814372046
2020-08-12,33.64607118146233
2020-08-13,28.890956286678374
2020-08-14,29.61725292031204
2020-08-15,31.36992864540541
2020-08-16,29.503153587562938
2020-08-17,23.462598689670006
2020-08-18,22.355996477956104
2020-08-19,21.063490378628693
2020-08-20,21.048819332660074
2020-08-21,21.473803064318336
2020-08-22,21.210379330070438
2020-08-23,23.91405360921841
2020-08-24,23.849175502970304
2020-08-25,20.263140118590023
2020-08-26,16.981790137384245
2020-08-27,13.512755507663526
2020-08-28,20.595174268430384
2020-08-29,34.145711974686215
2020-08-30,22.999042757956747
2020-08-31,26.041921481482415
2020-09-01,21.414639146078947
2020-09-02,22.58722654876355
2020-09-03,24.92749971508271
2020-09-04,23.975010101438873
2020-09-05,24.0790008114553
2020-09-06,25.940419252251044
2020-09-07,27.064539018580366
2020-09-08,25.992303765440024
2020-09-09,27.06197609620718
2020-09-10,25.292928594299635
2020-09-11,24.86659242704161
2020-09-12,23.967476217253004
2020-09-13,31.323369170935997
2020-09-14,34.51797306324765
2020-09-15,35.02333422891718
2020-09-16,29.54364413291335
2020-09-17,29.50994201393136
2020-09-18,39.49427389632868
2020-09-19,40.97081749619944
2020-09-20,34.882738279919344
2020-09-21,28.903242984724436
2020-09-22,29.428339382872622
2020-09-23,26.195991621377075
2020-09-24,20.768211847641506
2020-09-25,28.650046818417923
2020-09-26,27.935631595064525
2020-09-27,26.595254392717194
2020-09-28,25.182048046329907
2020-09-29,18.707258954074064
2020-09-30,28.7733990676252
2020-10-01,33.71353044679238
2020-10-02,35.63291456414459
2020-10-03,54.208554627907226
2020-10-04,29.329005594651708
2020-10-05,32.9675746496526
2020-10-06,27.62168751002878
2020-10-07,20.515289702632487
2020-10-08,19.822371272232292
2020-10-09,25.07028721492128
2020-10-10,29.221384779701626
2020-10-11,29.641909061779536
2020-10-12,30.830830997512603
2020-10-13,23.229410514917255
2020-10-14,25.405317963380938
2020-10-15,37.31078854587311
2020-10-16,40.05204380834035
2020-10-17,36.11839065594908
2020-10-18,22.342413287866712
2020-10-19,19.498115082885537
2020-10-20,17.61299977245433
2020-10-21,37.94546459115682
2020-10-22,82.27251311459439
2020-10-23,68.39460104469288
2020-10-24,54.148347723620596
2020-10-25,38.364576368769995
2020-10-26,52.14356079996851
2020-10-27,47.54084521536556
2020-10-28,38.95757322723122
2020-10-29,33.03560923775052
2020-10-30,29.07621570440835
2020-10-31,35.10436176930183
2020-11-01,33.929379639039674
2020-11-02,24.468646769194965
2020-11-03,29.505003795084725
2020-11-04,38.170681086933435
2020-11-05,40.02846495682559
2020-11-06,26.334492137481647
2020-11-07,46.35057234604868
2020-11-08,38.14804739554967
2020-11-09,48.90745765987915
2020-11-10,51.08989265930617
2020-11-11,36.47920330351215
2020-11-12,29.68261909535155
2020-11-13,38.476333707475874
2020-11-14,55.35054929338004
2020-11-15,38.401354235024186
2020-11-16,29.90021872708058
2020-11-17,28.2926567980406
2020-11-18,35.474812941193406
2020-11-19,35.21173477806233
2020-11-20,30.28369078655775
2020-11-21,34.0246970284272
2020-11-22,27.114754330001904
2020-11-23,19.31898665185188
2020-11-24,25.882894750558624
2020-11-25,36.81956081760663
2020-11-26,71.8648248612712
2020-11-27,60.42123381338548
2020-11-28,72.55059771032897
2020-11-29,45.37674417349672
2020-11-30,46.36166981414257
2020-12-01,49.15786183516709
2020-12-02,39.75638213786548
2020-12-03,40.37329566696555
2020-12-04,58.27694722179469
2020-12-05,81.34913134480823
2020-12-06,73.70832922717105
2020-12-07,62.527661849955
2020-12-08,68.07506082537418
2020-12-09,75.80249847292544
2020-12-10,66.8152012743508
2020-12-11,80.19012445981306
2020-12-12,68.4020548360435
2020-12-13,52.20180421836399
2020-12-14,59.639145028324656
2020-12-15,61.539626244668355
2020-12-16,51.38725787911664
2020-12-17,69.87358972608405
2020-12-18,66.00988284063742
2020-12-19,63.79482426741133
2020-12-20,68.70993881132505
2020-12-21,57.622337213849434
2020-12-22,47.743619099411056
2020-12-23,53.691475351846066
2020-12-24,56.313224758237624
2020-12-25,57.354094787563625
2020-12-26,61.718016214966426
2020-12-27,47.073372508849594
2020-12-28,46.383868273525046
2020-12-29,71.0869751894188
2020-12-30,64.50829557185588
2021-01-01,69.54098248764382
2021-01-02,70.61596272792328
2021-01-03,52.00191634063742
2021-01-04,44.584614537917844
2021-01-05,73.70129977318014
2021-01-06,75.25865395142037
2021-01-07,72.63838580820486
2021-01-08,64.88960658185408
2021-01-09,73.48628157760817
2021-01-10,68.52781844535573
2021-01-11,77.38299334345382
2021-01-12,52.8407844632568
2021-01-13,45.21938589292768
2021-01-14,50.614396455291406
2021-01-15,50.08825713579695
2021-01-16,50.40835382992966
2021-01-17,39.2584086111069
2021-01-18,41.28256461767065
2021-01-19,35.31560734735296
2021-01-20,40.79541338160741
2021-01-21,65.41178310078351
2021-01-22,73.40231501811263
2021-01-23,54.95949307653813
2021-01-24,56.0231469089865
2021-01-25,59.741879648545634
2021-01-26,63.25741255490123
2021-01-27,57.35284540653296
2021-01-28,49.58973818691565
2021-01-29,47.515848587409664
2021-01-30,55.902009635379905
2021-01-31,60.140499844959486
2021-02-01,52.629113258952046
2021-02-02,31.29639082825618
2021-02-03,35.65744712956903
2021-02-04,33.41187954976643
2021-02-05,47.45056868684726
2021-02-06,71.6405014530112
2021-02-07,67.86861507355367
2021-02-08,54.763075045781804
2021-02-09,57.24442283829915
2021-02-10,50.53372905800511
2021-02-11,43.21614965277926
2021-02-12,52.32300090621547
2021-02-13,41.08528390544099
2021-02-14,25.627536910855188
2021-02-15,30.219511142589255
2021-02-16,28.338018876628663
2021-02-17,25.125460606218056
2021-02-18,40.86788481184436
2021-02-19,30.086691174088333
2021-02-20,24.751545567699207
2021-02-21,63.16528218057044
2021-02-22,50.683795325214355
2021-02-23,40.79456301659932
2021-02-24,45.31899691470591
2021-02-25,41.82576477624663
2021-02-26,48.821157168237335
2021-02-27,50.98796327036892
2021-02-28,50.4533290461055
2021-03-01,60.48553902273423
2021-03-02,63.36612445856549
2021-03-03,58.69096481312732
2021-03-04,51.191464365411505
2021-03-05,75.56085670841473
2021-03-06,59.415465478717316
2021-03-07,74.86136140798924
2021-03-08,61.371404778908584
2021-03-09,65.11963521936246
2021-03-10,51.63586148506587
2021-03-11,40.64196120940255
2021-03-12,41.276926627863276
2021-03-13,49.1571631059387
2021-03-14,38.02179853956541
2021-03-15,38.464327940845614
2021-03-16,41.69062171624569
2021-03-17,41.50829404286615
2021-03-18,57.64473990211514
2021-03-19,72.93828381566937
2021-03-20,83.87589429830378
2021-03-21,59.83512261510295
2021-03-22,44.46735988077678
2021-03-23,40.06091796150656
2021-03-24,38.750447141978924
2021-03-25,40.34259819738142
2021-03-26,36.791366525374
2021-03-27,29.2397698227485
2021-03-28,40.16107762089663
2021-03-29,30.20162690172855
2021-03-30,24.340454117730904
2021-03-31,20.39367869506709
2021-04-01,28.69468014721264
2021-04-02,47.4496490865747
2021-04-03,42.50085489486884
2021-04-04,44.1440549881767
2021-04-05,33.68291294578897
2021-04-06,30.824738235805732
2021-04-07,45.512986146597
2021-04-08,44.93906631512087
2021-04-09,44.525223059327175
2021-04-10,59.59541212948713
2021-04-11,46.884417158187546
2021-04-12,40.428113058113404
2021-04-13,39.911888593545996
2021-04-14,58.774531609068575
2021-04-15,76.26813800270196
2021-04-16,68.16057295896756
2021-04-17,49.66258650867027
2021-04-18,38.06212565427236
2021-04-19,44.149275735121
2021-04-20,40.15485531413862
2021-04-21,41.881829248299674
2021-04-22,43.6677868551767
2021-04-23,39.652026748190515
2021-04-24,39.77398329508423
2021-04-25,57.74035821707425
2021-04-26,44.802169537770695
2021-04-27,45.16854211476309
2021-04-28,56.99633104545657
2021-04-29,50.85724239378545
2021-04-30,74.48322463301497
2021-05-01,50.511927323762826
2021-05-02,48.32875596826213
2021-05-03,51.906127234030656
2021-05-04,52.06846329224246
2021-05-05,54.19605622677268
2021-05-06,43.421359533845
2021-05-07,35.18890961496709
2021-05-08,27.00922116179105
2021-05-09,52.503051854042916
2021-05-10,56.702551528585005
2021-05-11,38.73421811291813
2021-05-12,36.552952567778284
2021-05-13,32.9573562816769
2021-05-14,33.228449011104175
2021-05-15,22.69816075543389
2021-05-16,21.700545057562543
2021-05-17,34.68184730000275
2021-05-18,28.47947080867931
2021-05-19,23.198198565181674
2021-05-20,23.70552906071069
2021-05-21,22.05755566622502
2021-05-22,28.646047406753517
2021-05-23,46.4470544409016
2021-05-24,21.987474639248365
2021-05-25,24.102348378383894
2021-05-26,31.397909701069146
2021-05-27,66.13757616997519
2021-05-28,37.66694925632452
2021-05-29,37.00484605813065
2021-05-30,28.06551626510384
2021-05-31,40.70853990558091
2021-06-01,40.53784025568552
2021-06-02,32.61359164503229
2021-06-03,36.263468705229364
2021-06-04,41.22477280424992
2021-06-05,51.707048543645826
2021-06-06,34.591355274375914
2021-06-07,26.153285714789206
2021-06-08,33.223742589046594
2021-06-09,25.104334417092875
2021-06-10,20.335846406711717
2021-06-11,25.817764981972797
2021-06-12,36.934661841277666
2021-06-13,37.320960534403625
2021-06-14,39.980292981839504
2021-06-15,38.51131535861456
2021-06-16,40.98732949272348
2021-06-17,40.70516482674878
2021-06-18,56.614729740979314
2021-06-19,59.74713624895656
2021-06-20,38.24908709178194
2021-06-21,38.378381909693424
2021-06-22,42.241377956825865
2021-06-23,32.81971679233859
2021-06-24,29.561670736513022
2021-06-25,32.3797478888512
2021-06-26,34.451294971560436
2021-06-27,28.315616263085484
2021-06-28,26.534800750496235
2021-06-29,26.46388185703007
2021-06-30,23.949435382814944
2021-07-01,23.337636220836444
2021-07-02,18.820075334459208
2021-07-03,19.193844695224044
2021-07-04,21.62571113244052
2021-07-05,19.779892110512158
2021-07-06,25.48773182938626
2021-07-07,34.646761008891374
2021-07-08,24.167951728735794
2021-07-09,15.611279874757203
2021-07-10,8.227992602148172
2021-07-11,9.262609754127052
2021-07-12,21.69651339262733
2021-07-13,20.526030442325066
2021-07-14,17.553931416138298
2021-07-15,22.511340546968704
2021-07-16,19.673206648345072
2021-07-17,23.304500041131437
2021-07-18,18.659731005925764
2021-07-19,15.362020224692289
2021-07-20,19.41139437739763
2021-07-21,18.74906205171672
2021-07-22,15.33530590437414
2021-07-23,13.28810970595937
2021-07-24,21.006106917925717
2021-07-25,23.16702869199822
2021-07-26,31.645612319396673
2021-07-27,24.01796914613324
2021-07-28,19.312383048488854
2021-07-29,15.494763004964152
2021-07-30,16.672584477461104
2021-07-31,24.995707996190585
2021-08-01,26.52099141785393
2021-08-02,24.78113120693625
2021-08-03,25.265747678600754
2021-08-04,27.200335892226015
2021-08-05,22.629401354232073
2021-08-06,24.88446499355964
2021-08-07,31.14549649661266
2021-08-08,31.977710674764957
2021-08-09,25.584798255148602
2021-08-10,24.211189062314794
2021-08-11,24.018970509878216
2021-08-12,18.699051025055766
2021-08-13,8.92629614560187
2021-08-14,7.7310649215987715
2021-08-15,10.094925533769281
2021-08-16,13.380587029149511
2021-08-17,13.307808435831072
2021-08-18,19.26080188884264
2021-08-19,22.57624406652899
2021-08-20,22.76528390080096
2021-08-21,30.15100826725711
2021-08-22,30.946642678705594
2021-08-23,21.925771536163335
2021-08-24,32.19773007080049
2021-08-25,32.77969355559387
2021-08-26,27.403066977350253
2021-08-27,28.239010190983034
2021-08-28,35.00830637835148
2021-08-29,34.77952907494957
2021-08-30,31.52378516330199
2021-08-31,31.2715204522385
2021-09-01,42.376727985891456
2021-09-02,38.973402638909484
2021-09-03,34.1416480503992
2021-09-04,27.91611891876553
2021-09-05,21.240233333632617
2021-09-06,17.86500953930591
2021-09-07,17.3792155764466
2021-09-08,24.294862440148016
2021-09-09,33.60880210210771
2021-09-10,28.73782253449237
2021-09-11,18.729926832321237
2021-09-12,16.346684248943568
2021-09-13,28.8902848608194
2021-09-14,46.262117151274175
2021-09-15,62.67799258573554
2021-09-16,49.00020746202246
2021-09-17,47.30653831331136
2021-09-18,43.813458479719145
2021-09-19,39.68302314824504
2021-09-20,41.35200659297824
2021-09-21,41.21566811706104
2021-09-22,50.9500963397216
2021-09-23,53.984598653855144
2021-09-24,36.74893235866134
2021-09-25,42.634075168226275
2021-09-26,36.15286022675521
2021-09-27,24.17797321952691
2021-09-28,29.625936000027306
2021-09-29,28.46407768659066
2021-09-30,21.47942274101096
2021-10-01,21.7096425704966
2021-10-02,22.537946345301187
2021-10-03,29.41506248741566
2021-10-04,40.74167154052176
2021-10-05,23.816042421319324
2021-10-06,16.31961412570344
2021-10-07,18.31855513243635
2021-10-08,27.1134349007414
2021-10-09,25.752439954967397
2021-10-10,23.889742505009878
2021-10-11,24.373248907734357
2021-10-12,26.73896459869964
2021-10-13,36.46062404066204
2021-10-14,26.257257671308277
2021-10-15,23.255608451075233
2021-10-16,25.392804642629432
2021-10-17,21.400722359580456
2021-10-18,20.613969141220156
2021-10-19,23.248440202490542
2021-10-20,24.377874539348653
2021-10-21,36.47920573173073
2021-10-22,40.71489459565369
2021-10-23,38.53237917798836
2021-10-24,30.23126321934761
2021-10-25,30.146142375171625
2021-10-26,38.00596321107921
2021-10-27,41.9002632948503
2021-10-28,35.32285020025654
2021-10-29,33.23988177339706
2021-10-30,25.01661935221427
2021-10-31,23.058052447000065
2021-11-01,36.87999993961415
2021-11-02,39.05930699130293
2021-11-03,68.64615189481658
2021-11-04,58.396803575154536
2021-11-05,39.276312748543596
2021-11-06,36.52544693735586
2021-11-07,34.58288606907972
2021-11-08,23.649706835920764
2021-11-09,27.18314778693271
2021-11-10,33.03331525255032
2021-11-11,29.902201279421813
2021-11-12,38.96923622849807
2021-11-13,31.416896635443702
2021-11-14,28.286089208259387
2021-11-15,35.536185097408826
2021-11-16,33.23520287752406
2021-11-17,32.28583446953553
2021-11-18,28.97686155968369
2021-11-19,46.14476232460472
2021-11-20,53.697459026773686
2021-11-21,49.57255576861141
2021-11-22,49.430248040917064
2021-11-23,75.09958876994104
2021-11-24,61.31287688419867
2021-11-25,56.969752991007645
2021-11-26,75.53929110355554
2021-11-27,53.25715381599876
2021-11-28,45.71274511978719
2021-11-29,56.84913629093825
2021-11-30,47.48223104327193
2021-12-01,45.320348974542505
2021-12-02,88.44586342241875
2021-12-03,51.32792553469737
2021-12-04,43.02960894943055
2021-12-05,57.750992957626686
2021-12-06,50.64257172422649
2021-12-07,34.133474938002074
2021-12-08,44.33200264791926
2021-12-09,60.39988582727255
2021-12-10,51.54777741713151
2021-12-11,54.06411590375208
2021-12-12,39.929211770852085
2021-12-13,40.40962179590938
2021-12-14,43.00438096198602
2021-12-15,38.098343940130874
2021-12-16,31.996070775773543
2021-12-17,34.764616456788396
2021-12-18,36.83503754830705
2021-12-19,33.274436394782654
2021-12-20,38.902279753168685
2021-12-21,38.18570928787766
2021-12-22,62.12094766501629
2021-12-23,69.72657089980272
2021-12-24,53.610806346083635
2021-12-25,84.61196484273928
2021-12-26,63.79846736494211
2021-12-27,56.91434413460709
2021-12-28,52.40744225608735
2021-12-29,38.59045681238195
2021-12-30,35.47325439944794
2022-01-01,31.94174678424763
2022-01-02,33.365990667376295
2022-01-03,31.994453555674934
2022-01-04,34.456360635749725
2022-01-05,53.698450786710744
2022-01-06,77.69438897061933
2022-01-07,50.01920554797157
2022-01-08,32.966859459790356
2022-01-09,27.289679662945005
2022-01-10,30.046791587781826
2022-01-11,50.854378232326184
2022-01-12,54.60988311607954
2022-01-13,38.09336635151801
2022-01-14,36.54977272755033
2022-01-15,39.70464211090834
2022-01-16,38.83222354213615
2022-01-17,31.714441541501014
2022-01-18,30.152758932472288
2022-01-19,32.08461612173883
2022-01-20,30.901847994458638
2022-01-21,35.72889522604884
2022-01-22,29.046726024467084
2022-01-23,34.61202505224776
2022-01-24,56.71613812006791
2022-01-25,53.5876821960941
2022-01-26,47.770370381787615
2022-01-27,42.719012431580474
2022-01-28,45.93016349478737
2022-01-29,37.76375130152595
2022-01-30,29.17671299958356
2022-01-31,27.65001983782881
2022-02-01,23.74572076751775
2022-02-02,21.726827130150877
2022-02-03,18.663874246096626
2022-02-04,29.760804829788768
2022-02-05,40.651416230226836
2022-02-06,45.211950138073185
2022-02-07,42.29003615800705
2022-02-08,35.09746531486956
2022-02-09,33.682023333305175
2022-02-10,31.9933085614267
2022-02-11,43.74299640537626
2022-02-12,39.280547163518825
2022-02-13,30.24450868677761
2022-02-14,42.50060413516184
2022-02-15,38.82936298965964
2022-02-16,19.532343630102464
2022-02-17,21.9072405503342
2022-02-18,20.1809752863843
2022-02-19,46.947940880892695
2022-02-20,42.4833568475607
2022-02-21,30.41942453544247
2022-02-22,23.47689022423639
2022-02-23,21.879864982189424
2022-02-24,25.999612581600722
2022-02-25,38.16971973621969
2022-02-26,36.80545020980253
2022-02-27,60.94580554882013
2022-02-28,60.88889356359566
2022-03-01,35.36081639246704
2022-03-02,31.614907934707933
2022-03-03,41.6359151700111
2022-03-04,50.66898239671529
2022-03-05,43.652068355194636
2022-03-06,70.75956392593169
2022-03-07,57.241989122126355
2022-03-08,44.61881015916501
2022-03-09,34.759454441746044
2022-03-10,44.91461992659822
2022-03-11,34.13072205376944
2022-03-12,56.454570415296885
2022-03-13,49.13342805542896
2022-03-14,52.663200719876365
2022-03-15,73.07716229970043
2022-03-16,63.175321075576285
2022-03-17,62.717432837730186
2022-03-18,58.93003365203126
2022-03-19,49.604703150804774
2022-03-20,41.82792277784786
2022-03-21,51.86013743921197
2022-03-22,48.374354942712564
2022-03-23,51.82407199233002
2022-03-24,61.32439914280859
2022-03-25,58.134106288240524
2022-03-26,51.8765633117419
2022-03-27,44.27228577155758
2022-03-28,34.377168984896315
2022-03-29,58.118304979133846
2022-03-30,73.5862359920822
2022-03-31,54.75826738475608
2022-04-01,45.28821515444404
2022-04-02,44.74042541563573
2022-04-03,50.484483543290985
2022-04-04,73.3061141371956
2022-04-05,49.44874297038857
2022-04-06,64.47917851536447
2022-04-07,50.883974246160854
2022-04-08,39.43450670841217
2022-04-09,35.728910209970664
2022-04-10,22.74359536532944
2022-04-11,30.666403538971124
2022-04-12,69.74149262015278
2022-04-13,60.71646230409616
2022-04-14,48.67432711665889
2022-04-15,46.468581000207905
2022-04-16,29.05914087420328
2022-04-17,23.05919679164133
2022-04-18,27.1197319422905
2022-04-19,37.68978373375787
2022-04-20,43.75667219205503
2022-04-21,42.260844559298626
2022-04-22,28.014784912498207
2022-04-23,57.644732497076276
2022-04-24,40.275753973723525
2022-04-25,41.30802027170873
2022-04-26,51.95033847023519
2022-04-27,59.947937284390974
2022-04-28,42.54076734520107
2022-04-29,41.70045671144936
2022-04-30,39.9970824318716
2022-05-01,27.484571032736053
2022-05-02,33.696983307761194
2022-05-03,48.945585259002534
2022-05-04,60.53801511144137
2022-05-05,45.03617423880029
2022-05-06,31.720308774565222
2022-05-07,26.185431487983934
2022-05-08,21.702211408124324
2022-05-09,19.63443893872799
2022-05-10,21.645838451829523
2022-05-11,16.318056102293518
2022-05-12,19.366560472109434
2022-05-13,20.726968340664055
2022-05-14,21.376927303731915
2022-05-15,33.243739851415775
2022-05-16,27.7639265650768
2022-05-17,20.961245198409685
2022-05-18,13.664792397176782
2022-05-19,9.953611980013681
2022-05-20,9.667796408802422
2022-05-21,14.17360945884274
2022-05-22,29.59664017310492
2022-05-23,22.379955963816947
2022-05-24,36.42139768090703
2022-05-25,25.67251319740851
2022-05-26,19.274443083133416
2022-05-27,15.353121696571245
2022-05-28,19.88895768102954
2022-05-29,34.22294051221925
2022-05-30,38.17911854023078
2022-05-31,29.096147168061133
2022-06-01,27.02336326358843
2022-06-02,37.74606495657898
2022-06-03,40.14525003453738
2022-06-04,38.71912536177158
2022-06-05,32.991480700423104
2022-06-06,26.41527872883784
2022-06-07,24.37958377691475
2022-06-08,26.709062966882435
2022-06-09,21.222503869680505
2022-06-10,19.946820940680876
2022-06-11,14.900270998846239
2022-06-12,15.623642745640204
2022-06-13,16.794492659767442
2022-06-14,14.963705984309799
2022-06-15,14.408494639371078
2022-06-16,20.00106810568764
2022-06-17,20.213585609532366
2022-06-18,20.45035469754189
2022-06-19,24.935555459602675
2022-06-20,29.003059237444567
2022-06-21,33.141852845606294
2022-06-22,52.44974014800558
2022-06-23,39.083046734928466
2022-06-24,38.051799155259054
2022-06-25,36.18039820321168
2022-06-26,35.48197928355181
2022-06-27,32.61072069048729
2022-06-28,22.82669287452244
2022-06-29,29.73838211289656
2022-06-30,32.03447972335201
2022-07-01,19.662905685115383
2022-07-02,24.668663406281322
2022-07-03,26.14095320428944
2022-07-04,24.578371413595683
2022-07-05,25.827991585666048
2022-07-06,27.259431476935514
2022-07-07,21.63589466162574
2022-07-08,21.73181696814733
2022-07-09,16.508002606979012
2022-07-10,15.290203171413024
2022-07-11,13.371749047627905
2022-07-12,15.573646232827302
2022-07-13,16.162092403464143
2022-07-14,12.376065957451768
2022-07-15,13.786018836565749
2022-07-16,15.570834608900709
2022-07-17,13.437273464652067
2022-07-18,19.43270178443007
2022-07-19,23.342085008535552
2022-07-20,18.851651485614507
2022-07-21,16.475430453985403
2022-07-22,15.806011330284257
2022-07-23,13.679740663546317
2022-07-24,13.580949698274143
2022-07-25,13.275770505250888
2022-07-26,15.606862656166125
2022-07-27,17.606466093470512
2022-07-28,21.27981392923657
2022-07-29,19.732361430160243
2022-07-30,15.697221595208982
2022-07-31,14.771493848520313
2022-08-01,16.007077765717256
2022-08-02,11.241472541529456
2022-08-03,14.783535595697348
2022-08-04,21.559709387948157
2022-08-05,21.96976997746501
2022-08-06,19.492066235421078
2022-08-07,25.87943807695607
2022-08-08,31.595124400708933
2022-08-09,27.570659641586634
2022-08-10,26.91426068696639
2022-08-11,27.533922397042968
2022-08-12,15.254996859865686
2022-08-13,17.124650020377942
2022-08-14,23.50548958478773
2022-08-15,33.297347703836024
2022-08-16,31.118093534438863
2022-08-17,31.69206286508357
2022-08-18,20.405841072379083
2022-08-19,14.470313889161055
2022-08-20,14.803453920287435
2022-08-21,13.2832394522619
2022-08-22,11.115972674592458
2022-08-23,15.945689229042275
2022-08-24,25.02237431772338
2022-08-25,26.729484610143484
2022-08-26,28.11709484846359
2022-08-27,32.595647153509496
2022-08-28,24.710708888632055
2022-08-29,26.272467268677794
2022-08-30,26.77907142163339
2022-08-31,34.08821881178852
2022-09-01,27.000154626971334
2022-09-02,25.996497792090743
2022-09-03,34.23080213186138
2022-09-04,37.282848095379734
2022-09-05,35.82833461648574
2022-09-06,32.54875848166875
2022-09-07,33.35567691956401
2022-09-08,27.30762779154311
2022-09-09,22.694573225008423
2022-09-10,20.387045479870523
2022-09-11,19.505515803445824
2022-09-12,18.820376772857816
2022-09-13,35.2058419511158
2022-09-14,44.196472895146975
2022-09-15,43.76496379635153
2022-09-16,41.19834732179178
2022-09-17,37.124233778004836
2022-09-18,33.71463653487316
2022-09-19,42.41254658683938
2022-09-20,42.38001444186587
2022-09-21,43.05823109556411
2022-09-22,46.22610026471779
2022-09-23,33.578165714100614
2022-09-24,38.206275351468136
2022-09-25,64.57721741875463
2022-09-26,52.980677478768
2022-09-27,42.43534039031189
2022-09-28,34.342249428135204
2022-09-29,38.64176653084014
2022-09-30,57.55830919750021
2022-10-01,32.504458793985016
2022-10-02,30.064329381421437
2022-10-03,24.003654752615308
2022-10-04,21.831043738479156
2022-10-05,21.828125648915524
2022-10-06,31.110883833164344
2022-10-07,27.148790817860494
2022-10-08,33.06324176392579
2022-10-09,33.67173419483435
2022-10-10,48.621488365643025
2022-10-11,57.557929491893304
2022-10-12,64.2105805618568
2022-10-13,60.24428818690786
2022-10-14,47.931440337964126
2022-10-15,35.8148015846684
2022-10-16,33.85790395824432
2022-10-17,27.767007578731548
2022-10-18,23.29175045286914
2022-10-19,22.96736457621458
2022-10-20,26.8039419246547
2022-10-21,29.55293094769399
2022-10-22,20.426496194557735
2022-10-23,22.101960892520538
2022-10-24,16.235604748116273
2022-10-25,14.471637204570278
2022-10-26,18.201062536485523
2022-10-27,15.635193183964892
2022-10-28,13.945903195671928
2022-10-29,14.586631156220221
2022-10-30,16.034003355754386
2022-10-31,14.416502797936124
2022-11-01,22.652035037915486
2022-11-02,25.590230424078396
2022-11-03,32.67961787661771
2022-11-04,32.91765592811908
2022-11-05,37.73538097647081
2022-11-06,35.1019484744892
2022-11-07,27.210266115313676
2022-11-08,27.321091321217267
2022-11-09,28.882887959499666
2022-11-10,38.30981518190665
2022-11-11,27.510152522088493
2022-11-12,19.87545552600158
2022-11-13,21.0794958415391
2022-11-14,18.164909758813895
2022-11-15,20.875038958151467
2022-11-16,28.50158923188847
2022-11-17,28.728435773404588
2022-11-18,49.78807883842507
2022-11-19,55.413173425425555
2022-11-20,50.11630641651452
2022-11-21,38.120188730212114
2022-11-22,54.3397733478877
2022-11-23,37.55674791863803
2022-11-24,36.32437198394216
2022-11-25,44.81340564776542
2022-11-26,32.32823941019634
2022-11-27,14.64577005115017
2022-11-28,36.62741196483832
2022-11-29,27.096357776211992
2022-11-30,20.495836416862357
2022-12-01,33.54560182219156
2022-12-02,76.15710595912685
2022-12-03,56.94319287046781
2022-12-04,46.77206816282224
2022-12-05,38.22619685616656
2022-12-06,62.91352937005275
2022-12-07,45.90868578737034
2022-12-08,48.35103716517668
2022-12-09,68.40782986245644
2022-12-10,77.18737946658133
2022-12-11,77.9039710112857
2022-12-12,62.199925133794814
2022-12-13,50.68255437392508
2022-12-14,63.16857857103698
2022-12-15,74.02808564551518
2022-12-16,74.35189152427859
2022-12-17,65.5547844013459
2022-12-18,52.14299375250508
2022-12-19,42.40264076953617
2022-12-20,42.37575469825222
2022-12-21,46.229810767309765
2022-12-22,53.029655016983995
2022-12-23,46.49649263282001
2022-12-24,44.18112133971453
2022-12-25,40.640572296675344
2022-12-26,34.44414817636254
2022-12-27,33.49476853446327
2022-12-28,33.19840351211132
2022-12-29,36.6041664658007
2022-12-30,25.03769928670957
2023-01-01,27.12436881427838
2023-01-02,30.552013583291416
2023-01-03,36.93886515769991
2023-01-04,36.193070515783
2023-01-05,39.17272820771683
2023-01-06,41.13891969718896
2023-01-07,44.705517235898846
2023-01-08,35.50658423476509
2023-01-09,61.663006970851484
2023-01-10,51.85682873239945
2023-01-11,61.11060811543348
2023-01-12,63.23912445204788
2023-01-13,49.63714896782343
2023-01-14,43.02165162690878
2023-01-15,45.37253891807785
2023-01-16,51.10091614420628
2023-01-17,46.139860319583164
2023-01-18,79.5596236210128
2023-01-19,50.886936213341706
2023-01-20,57.07803579370927
2023-01-21,63.32220532628851
2023-01-22,67.4280533164172
2023-01-23,51.5161264028599
2023-01-24,51.804165364069206
2023-01-25,52.030319267049975
2023-01-26,36.63535789802559
2023-01-27,71.85941642120171
2023-01-28,70.0064834788637
2023-01-29,52.834649791918665
2023-01-30,47.51297373504395
2023-01-31,39.04499139817719
2023-02-01,34.172550342079
2023-02-02,38.48291392351307
2023-02-03,47.67669754805099
2023-02-04,44.52635310308264
2023-02-05,34.5371056497164
2023-02-06,37.26910914723975
2023-02-07,45.3469623638327
2023-02-08,43.67468507348985
2023-02-09,41.247576817031344
2023-02-10,44.0548066686789
2023-02-11,36.42815049956143
2023-02-12,34.71155124249946
2023-02-13,35.01436353286732
2023-02-14,52.48847908557802
2023-02-15,49.817977353524256
2023-02-16,46.187154102992245
2023-02-17,62.165843214849936
2023-02-18,37.335396014436476
2023-02-19,33.65413638476562
2023-02-20,32.48823225462824
2023-02-21,33.27310555475047
2023-02-22,44.64353685058838
2023-02-23,47.90902193878442
2023-02-24,81.88883333414007
2023-02-25,73.4734049126756
2023-02-26,76.26489000280704
2023-02-27,60.815224614823904
2023-02-28,68.49803218538517
2023-03-01,54.26749699603644
2023-03-02,75.31512133130998
2023-03-03,66.70047398270965
2023-03-04,59.682615603354
2023-03-05,50.48109972582756
2023-03-06,47.530601026333386
2023-03-07,53.05919493326873
2023-03-08,47.54961880459491
2023-03-09,55.6559675788239
2023-03-10,40.18761694531493
2023-03-11,35.261041501444396
2023-03-12,26.212193335474797
2023-03-13,33.235737718048156
2023-03-14,35.64924717301481
2023-03-15,24.317192951161925
2023-03-16,21.99356806201074
2023-03-17,41.33814104447226
2023-03-18,47.059294079300265
2023-03-19,42.567877516719626
2023-03-20,42.132710818247716
2023-03-21,32.066448682769845
2023-03-22,28.086970199705434
2023-03-23,26.84065288933601
2023-03-24,28.375028109117213
2023-03-25,23.185099632229512
2023-03-26,25.921299861711518
2023-03-27,23.481995250906788
2023-03-28,24.314196622676928
2023-03-29,19.321847797499625
2023-03-30,19.312884753123644
2023-03-31,18.360515328006393
2023-04-01,26.184697720843157
2023-04-02,34.42121036466296
2023-04-03,23.95212267974331
2023-04-04,30.07598137421405
2023-04-05,20.047354703544322
2023-04-06,21.56796306929442
2023-04-07,21.81527897678193
2023-04-08,18.36229902658298
2023-04-09,19.377392414366614
2023-04-10,14.571015519621742
2023-04-11,16.300651982770166
2023-04-12,18.064543451681057
2023-04-13,27.094849201797018
2023-04-14,19.67079818379225
2023-04-15,21.68091568112278
2023-04-16,16.677804989198926
2023-04-17,18.725228365186183
2023-04-18,15.636090333007346
2023-04-19,32.93308699211729
2023-04-20,30.63510522357566
2023-04-21,39.17299579662799
2023-04-22,35.98822577697891
2023-04-23,35.071616597434435
2023-04-24,27.858425633453997
2023-04-25,16.83505331370331
2023-04-26,13.906939306400208
2023-04-27,12.306658190695703
2023-04-28,13.893645838950384
2023-04-29,26.252058497494698
2023-04-30,32.6127992323664
2023-05-01,22.327944034253644
2023-05-02,18.970990623969296
2023-05-03,19.01424151398686
2023-05-04,27.101708603642848
2023-05-05,28.425010030610604
2023-05-06,40.62833495918397
2023-05-07,28.662884525032275
2023-05-08,20.324571746692712
2023-05-09,19.185688455503897
2023-05-10,21.67297334328301
2023-05-11,24.087466237297146
2023-05-12,27.90337839873901
2023-05-13,24.76105275602388
2023-05-14,21.41481985730247
2023-05-15,12.926825285455429
2023-05-16,17.10179461990676
2023-05-17,76.61427324971409
2023-05-18,65.81500029585361
2023-05-19,60.35576591976828
2023-05-20,37.229899892463436
2023-05-21,65.07457936170904
2023-05-22,53.01919397087446
2023-05-23,53.526424047729556
2023-05-24,55.09378187967342
2023-05-25,47.21510721939865
2023-05-26,42.75314627592711
2023-05-27,70.32662688932865
2023-05-28,64.50323191338111
2023-05-29,45.28620709708334
2023-05-30,56.58068455675318
2023-05-31,42.37989981127673
2023-06-01,51.53213985442307
2023-06-02,58.12012960993111
2023-06-03,56.63135043819983
2023-06-04,51.5816121719827
2023-06-05,50.446597779629364
2023-06-06,48.58712669267874
2023-06-07,49.975214569476606
2023-06-08,51.03214381593078
2023-06-09,47.28345938656249
2023-06-10,49.3500791739289
2023-06-11,46.49823147914111
2023-06-12,43.51373151317283
2023-06-13,47.37458304322452
2023-06-14,32.91825377981813
2023-06-15,25.077775998581313
2023-06-16,24.791284341898255
2023-06-17,24.124776576858842
2023-06-18,37.23841870384738
2023-06-19,39.573764001696745
2023-06-20,41.921239610170325
2023-06-21,44.91162618658633
2023-06-22,33.24855799335374
2023-06-23,23.032905257990635
2023-06-24,16.85217642920695
2023-06-25,17.940352068319353
2023-06-26,12.097725848057678
2023-06-27,11.585890680039316
2023-06-28,14.871827972159435
2023-06-29,19.981735565717006
2023-06-30,23.94224058213883
2023-07-01,26.295496692878217
2023-07-02,22.65911225891113
2023-07-03,21.268471648852387
2023-07-04,23.785247111300123
2023-07-05,20.911570114428553
2023-07-06,19.19987470892034
2023-07-07,26.618231423953425
2023-07-08,25.792711967455705
2023-07-09,17.369049242992556
2023-07-10,11.548257118535648
2023-07-11,11.54790390505554
2023-07-12,15.998384280028368
2023-07-13,15.127065751006398
2023-07-14,16.811530936989065
2023-07-15,24.810314384885473
2023-07-16,15.437531037357727
2023-07-17,8.423464764580576
2023-07-18,11.381419145565069
2023-07-19,16.26673205735675
2023-07-20,18.61269074765441
2023-07-21,25.154765043208577
2023-07-22,20.76498051113321
2023-07-23,17.273804729576597
2023-07-24,25.623248464798248
2023-07-25,25.108941094171463
2023-07-26,25.87413617428924
2023-07-27,30.40482232590243
2023-07-28,25.80538320396569
2023-07-29,23.282274964741898
2023-07-30,22.60007551043159
2023-07-31,19.464261417938204
2023-08-01,15.21388538511077
2023-08-02,19.14955279614435
2023-08-03,23.841757830324386
2023-08-04,21.555306803169838
2023-08-05,22.750198833956606
2023-08-06,13.22481740887157
2023-08-07,14.540634221867586
2023-08-08,16.98243328417997
2023-08-09,15.8853190516945
2023-08-10,18.383138273704628
2023-08-11,15.498771787995151
2023-08-12,11.537631176665364
2023-08-13,14.443383781337518
2023-08-14,15.580152430039991
2023-08-15,18.105808180913346
2023-08-16,18.42768208063303
2023-08-17,19.260362490391795
2023-08-18,16.649529870359856
2023-08-19,15.475731760889936
2023-08-20,12.729592955497585
2023-08-21,17.020044033811047
2023-08-22,19.39699861329917
2023-08-23,19.210901662322932
2023-08-24,18.880865035910826
2023-08-25,14.908354565372186
2023-08-26,15.977606609554469
2023-08-27,29.1383723250558
2023-08-28,18.65707158678699
2023-08-29,19.166215726418248
2023-08-30,22.893662361921223
2023-08-31,21.23304480404766
2023-09-01,27.187436952272254
2023-09-02,47.37663736636465
2023-09-03,51.83743141198598
2023-09-04,43.69598507741113
2023-09-05,40.47110478678089
2023-09-06,38.1935711881047
2023-09-07,35.487621439915586
2023-09-08,34.75953189944851
2023-09-09,39.30660822134769
2023-09-10,40.925521470919634
2023-09-11,42.93567321026282
2023-09-12,49.85068651732269
2023-09-13,38.03169220972131
2023-09-14,34.82842479682412
2023-09-15,45.474580390896584
2023-09-16,37.72465685357779
2023-09-17,43.85129385708178
2023-09-18,54.161239114718995
2023-09-19,50.13306593017442
2023-09-20,42.104714944404975
2023-09-21,37.40081166376388
2023-09-22,40.67939902677207
2023-09-23,41.122705189610684
2023-09-24,26.633335362457
2023-09-25,27.637851714565294
2023-09-26,36.72410100346939
2023-09-27,30.06375556014055
2023-09-28,20.822595688728406
2023-09-29,18.166858757471562
2023-09-30,22.039259722012815
2023-10-01,19.281940604008817
2023-10-02,19.411567398391135
2023-10-03,24.798466785294874
2023-10-04,27.026432440713286
2023-10-05,23.80690921658876
2023-10-06,13.639329356783001
2023-10-07,12.016754119721046
2023-10-08,19.161139788648345
2023-10-09,21.319667480461092
2023-10-10,22.560770747360323
2023-10-11,26.755188793732604
2023-10-12,25.45727703716023
2023-10-13,22.972140895452455
2023-10-14,39.99762349632951
2023-10-15,29.879753677477538
2023-10-16,28.35785061971152
2023-10-17,26.871416141729842
2023-10-18,34.92373293168824
2023-10-19,30.032534296738525
2023-10-20,64.49122772247168
2023-10-21,45.52241147424409
2023-10-22,33.57899043849671
2023-10-23,65.81224204785758
2023-10-24,49.81255097087192
2023-10-25,45.97524104314267
2023-10-26,40.237223766543984
2023-10-27,57.530136655337515
2023-10-28,67.5028400443946
2023-10-29,55.93662280813244
2023-10-30,59.4758599717454
2023-10-31,43.278197132912695
2023-11-01,52.491628003573986
2023-11-02,45.630527019359086
2023-11-03,64.884628183474
2023-11-04,44.80878793810635
2023-11-05,48.03436646516453
2023-11-06,69.31342670353865
2023-11-07,46.52375438860666
2023-11-08,32.524955458306515
2023-11-09,34.06805839874751
2023-11-10,54.08851646586243
2023-11-11,41.2243843285976
2023-11-12,33.48474059250023
2023-11-13,25.556140370883963
2023-11-14,20.571687842796408
2023-11-15,19.60835302401211
2023-11-16,21.4374618307271
2023-11-17,20.043010608824545
2023-11-18,19.20072338897988
2023-11-19,20.287061561123164
2023-11-20,26.05699987299711
2023-11-21,32.128450875242045
2023-11-22,50.02878782885214
2023-11-23,34.10866344098572
2023-11-24,25.484557603121058
2023-11-25,28.067244948999175
2023-11-26,31.34909822806085
2023-11-27,29.075900672297895
2023-11-28,32.73134799679373
2023-11-29,37.44141032431534
2023-11-30,26.892181051714147
2023-12-01,27.080632418543715
2023-12-02,49.64763799702255
2023-12-03,35.95761693701526
2023-12-04,23.563850634839373
2023-12-05,34.795391746088406
2023-12-06,59.41241342790229
2023-12-07,50.26154419543066
2023-12-08,49.14858767097405
2023-12-09,47.703091240633036
2023-12-10,35.695738838002455
2023-12-11,30.256931575869693
2023-12-12,30.646886163345663
2023-12-13,47.72691656931477
2023-12-14,40.4909357996814
2023-12-15,27.95204815764775
2023-12-16,25.996675338904485
2023-12-17,35.895292097795384
2023-12-18,46.38561921619981
2023-12-19,44.20538297003311
2023-12-20,37.08185508091456
2023-12-21,44.400263628480424
2023-12-22,27.524593756206745
2023-12-23,30.575051641001014
2023-12-24,24.908883842551568
2023-12-25,19.714069703086086
2023-12-26,30.18135941682594
2023-12-27,34.69397269544793
2023-12-28,20.725736458123208
2023-12-29,14.849433837967494
2023-12-30,18.072633426114244
2024-01-01,42.57516256255754
2024-01-02,24.208430499945866
2024-01-03,25.41181019272672
2024-01-04,31.58444425947674
2024-01-05,74.41372760201985
2024-01-06,45.782567973556574
2024-01-07,31.686911317286416
2024-01-08,24.446552939401837
2024-01-09,33.560071942658986
2024-01-10,60.694195970782026
2024-01-11,52.20123868566944
2024-01-12,32.91955413982324
2024-01-13,26.564092865997953
2024-01-14,22.722867013650788
2024-01-15,19.151053964070822
2024-01-16,19.376306909793794
2024-01-17,34.660305100638766
2024-01-18,42.65353002831744
2024-01-19,75.95211858165712
2024-01-20,55.24844047316246
2024-01-21,51.6830961290933
2024-01-22,39.93899086563819
2024-01-23,22.783140052749374
2024-01-24,22.495179196505955
2024-01-25,24.743375387805713
2024-01-26,22.416083008165135
2024-01-27,20.320766906536555
2024-01-28,19.39400658592621
2024-01-29,22.42300078602419
2024-01-30,27.66157659526438
2024-01-31,28.10928658199272
2024-02-01,32.029289856119554
2024-02-02,24.408230533789197
2024-02-03,27.57920561338229
2024-02-04,22.700329027183802
2024-02-05,23.98677606749237
2024-02-06,27.10770993887043
2024-02-07,24.0513326525032
2024-02-08,16.344250576244356
2024-02-09,72.96161215715702
2024-02-10,70.63390298744645
2024-02-11,60.363491647876565
2024-02-12,55.123894867867506
2024-02-13,38.61390361342458
2024-02-14,35.499457972465
2024-02-15,42.472928889779936
2024-02-16,56.21609593834115
2024-02-17,52.1504862135033
2024-02-18,53.24606540786988
2024-02-19,38.142627710861795
2024-02-20,40.91674863785894
2024-02-21,23.737747467366383
2024-02-22,26.72183571078153
2024-02-23,75.59511271512913
2024-02-24,73.1417517166126
2024-02-25,44.01436890274888
2024-02-26,58.2671343382389
2024-02-27,71.20259445313084
2024-02-28,46.41930849846939
2024-02-29,38.99482235772911
2024-03-01,40.4301276857902
2024-03-02,44.464547421723715
2024-03-03,69.9657437337912
2024-03-04,44.080341552422524
2024-03-05,49.899168574696645
2024-03-06,39.37873214130665
2024-03-07,37.32158156322993
2024-03-08,50.952824649084974
2024-03-09,60.28794044351879
2024-03-10,69.07070635615433
2024-03-11,51.59777087345281
2024-03-12,41.51209432101627
2024-03-13,42.24480317233192
2024-03-14,53.61518147323087
2024-03-15,48.677387168902285
2024-03-16,34.47993823565444
2024-03-17,24.18307614309585
2024-03-18,22.375035052533622
2024-03-19,24.267703973047162
2024-03-20,45.037452162556356
2024-03-21,33.84130282104286
2024-03-22,20.830948003203275
2024-03-23,21.896441397053458
2024-03-24,35.8962838176152
2024-03-25,52.96915212266668
2024-03-26,83.78574092974206
2024-03-27,54.03803274811982
2024-03-28,36.28158380177661
2024-03-29,58.28241264213586
2024-03-30,52.29081275797658
2024-03-31,56.41208052576078
2024-04-01,66.81696372957035
2024-04-02,44.58148036525845
2024-04-03,48.301489210912344
2024-04-04,34.46910091160248
2024-04-05,23.838478263234837
2024-04-06,21.65259892526401
2024-04-07,36.83865820964295
2024-04-08,53.50584501647133
2024-04-09,37.1995280784606
2024-04-10,22.823096446011807
2024-04-11,20.494685048640267
2024-04-12,22.334761531856685
2024-04-13,30.113265128631767
2024-04-14,32.023659492095675
2024-04-15,21.999877909505695
2024-04-16,18.655314722188304
2024-04-17,23.90795328714925
2024-04-18,23.22978739331267
2024-04-19,28.84680415338994
2024-04-20,63.041655234386646
2024-04-21,67.7821231211969
2024-04-22,45.00893219043793
2024-04-23,37.00136552064159
2024-04-24,34.685411572245016
2024-04-25,38.33494885801114
2024-04-26,38.97639072849692
2024-04-27,45.63460010368547
2024-04-28,73.3587465427406
2024-04-29,58.70314535796673
2024-04-30,47.22112948158969
2024-05-01,43.02734248928738
2024-05-02,45.254532387522865
2024-05-03,35.30181825921396
2024-05-04,27.53398382354672
2024-05-05,26.994858816352483
2024-05-06,35.01782119325789
2024-05-07,27.75566992081406
2024-05-08,22.23304604598609
2024-05-09,21.516175014703837
2024-05-10,24.003397278815765
2024-05-11,27.76587034582056
2024-05-12,34.95183586213833
2024-05-13,35.8850363839847
2024-05-14,42.40627608093495
2024-05-15,34.13911702106693
2024-05-16,29.218133711567607
2024-05-17,34.32568212799282
2024-05-18,47.19995417745987
2024-05-19,50.28794503462765
2024-05-20,40.71243559165924
2024-05-21,40.785952563927395
2024-05-22,31.277589311877804
2024-05-23,29.349779084431297
2024-05-24,33.96294670535445
2024-05-25,28.704481544194415
2024-05-26,28.945368306479434
2024-05-27,27.816936136694196
2024-05-28,24.934970847523992
2024-05-29,18.78826436194394
2024-05-30,19.213590301236984
2024-05-31,18.688488417083068
2024-06-01,26.215711833894243
2024-06-02,32.93908932972506
2024-06-03,35.933218293443
2024-06-04,42.380541472493384
2024-06-05,30.383864073303307
2024-06-06,21.10500276774126
2024-06-07,43.62591811754629
2024-06-08,50.96402822366575
2024-06-09,43.465390872250076
2024-06-10,45.33060737101705
2024-06-11,53.719196899476316
2024-06-12,52.26687290696775
2024-06-13,32.68038937305444
2024-06-14,31.278948571876306
2024-06-15,44.49880629994802
2024-06-16,38.47811566793451
2024-06-17,30.194937015214194
2024-06-18,35.91413911597627
2024-06-19,51.243814208872855
2024-06-20,34.96748040310341
2024-06-21,28.219443716153542
2024-06-22,17.705759233299524
2024-06-23,15.150465394822145
2024-06-24,17.32624066882051
2024-06-25,24.34096065734536
2024-06-26,46.42698277523055
2024-06-27,60.6211362000225
2024-06-28,41.56400335207352
2024-06-29,29.65255714378313
2024-06-30,35.82701546041221
2024-07-01,28.176057051269154
2024-07-02,21.883920300966633
2024-07-03,21.543612195494415
2024-07-04,17.191705702492435
2024-07-05,26.57486265975809
2024-07-06,27.56480773880404
2024-07-07,28.57380708888434
2024-07-08,27.324876642102293
2024-07-09,26.409591063827563
2024-07-10,17.830177301244056
2024-07-11,16.558922844482943
2024-07-12,20.571526811809367
2024-07-13,19.69845216485039
2024-07-14,17.34732717878734
2024-07-15,16.934030271668266
2024-07-16,20.974540172878186
2024-07-17,18.338562216449635
2024-07-18,18.15017148697693
2024-07-19,16.47536342629834
2024-07-20,20.399239209481767
2024-07-21,21.988834951235052
2024-07-22,16.787426366920887
2024-07-23,14.941091131179817
2024-07-24,12.968479025043468
2024-07-25,12.814464398832976
2024-07-26,16.21222143089455
2024-07-27,22.464856986660124
2024-07-28,20.351126701296888
2024-07-29,20.205988973000697
2024-07-30,19.013676609540006
2024-07-31,21.927695476293568
2024-08-01,24.630437535653193
2024-08-02,25.219053761661076
2024-08-03,19.272080890029855
2024-08-04,17.167333897677132
2024-08-05,18.575218230071957
2024-08-06,24.19673477811344
2024-08-07,22.227182223144602
2024-08-08,25.58470952494548
2024-08-09,25.32723825061018
2024-08-10,20.447378706446433
2024-08-11,17.080758977224257
2024-08-12,19.863400852002112
2024-08-13,23.461342474291712
2024-08-14,22.596680913740727
2024-08-15,20.450817127151087
2024-08-16,22.19420404634714
2024-08-17,19.35391537500532
2024-08-18,14.011353954351458
2024-08-19,17.671800655453016
2024-08-20,21.728450320966296
2024-08-21,31.630250965569253
2024-08-22,28.148994227018818
2024-08-23,37.066256831820176
2024-08-24,28.15891462813107
2024-08-25,24.059890257982737
2024-08-26,33.00857491947082
2024-08-27,33.84437739719864
2024-08-28,34.26122635157927
2024-08-29,34.02926433163264
2024-08-30,33.859935221611494
2024-08-31,39.377593591407525
2024-09-01,38.052035193856824
2024-09-02,34.36147688593848
2024-09-03,32.55503315187395
2024-09-04,31.774991398688236
2024-09-05,23.756367295886644
2024-09-06,23.265519958061446
2024-09-07,28.867715389902802
2024-09-08,50.7360928155668
2024-09-09,41.58193135695949
2024-09-10,34.24707487107713
2024-09-11,51.32103412927043
2024-09-12,32.31921526771202
2024-09-13,29.00771344187672
2024-09-14,39.558666498403234
2024-09-15,35.27914737762345
2024-09-16,39.61990696589698
2024-09-17,45.97487211267846
2024-09-18,42.994384636069086
2024-09-19,56.55779971764982
2024-09-20,49.742572480857305
2024-09-21,54.09450633307084
2024-09-22,64.55515442527366
2024-09-23,45.17629348982806
2024-09-24,45.11923469968355
2024-09-25,32.440255094117816
2024-09-26,36.9521389681616
2024-09-27,42.36029159381842
2024-09-28,41.69396150075293
2024-09-29,33.040732957648885
2024-09-30,27.19223287570878
2024-10-01,24.833802541687316
2024-10-02,26.29441239418955
2024-10-03,43.40532985689217
2024-10-04,42.3803447428731
2024-10-05,42.157739924832455
2024-10-06,42.02564315807075
2024-10-07,42.911677401614526
2024-10-08,47.67917438392686
2024-10-09,40.221512887749164
2024-10-10,51.46352196135113
2024-10-11,39.299344883861984
2024-10-12,44.89956888634602
2024-10-13,56.732460977109604
2024-10-14,57.75822510779988
2024-10-15,52.62598973598402
2024-10-16,64.2707109114589
2024-10-17,56.91700156898219
2024-10-18,39.134304558728
2024-10-19,44.28198551390134
2024-10-20,36.457196056984635
2024-10-21,33.62797853983423
2024-10-22,37.43494882707992
2024-10-23,42.95634789339102
2024-10-24,42.373467374968115
2024-10-25,47.719916154856854
2024-10-26,59.511847825185825
2024-10-27,74.70753652875715
2024-10-28,74.12531891811831
2024-10-29,56.95856422670203
2024-10-30,56.1770503445416
2024-10-31,49.86923356313434
2024-11-01,50.749950177429355
2024-11-02,54.89470345094146
2024-11-03,49.71397397665719
2024-11-04,36.781807084666426
2024-11-05,35.39029153218955
2024-11-06,36.512968169687774
2024-11-07,33.27221814310863
2024-11-08,28.911936000581175
2024-11-09,32.990005794999924
2024-11-10,44.41804005362367
2024-11-11,40.514231515486344
2024-11-12,43.57428043850517
2024-11-13,47.41393425141327
2024-11-14,40.41130034852336
2024-11-15,29.88044956637721
2024-11-16,31.705627252297184
2024-11-17,30.297781694830505
2024-11-18,35.603928521296716
2024-11-19,65.30992748930082
2024-11-20,57.17797625200066
2024-11-21,48.11413268134893
2024-11-22,44.65147802300385
2024-11-23,31.165867066829584
2024-11-24,30.331741790675945
2024-11-25,33.030167235407475
2024-11-26,32.78528793755847
2024-11-27,31.463437347503927
2024-11-28,30.63176707379502
2024-11-29,29.855632873357965
2024-11-30,31.0674397647423
2024-12-01,31.18281634064754
2024-12-02,31.746527955271333
2024-12-03,36.52708629922472
2024-12-04,53.66380585931294
2024-12-05,44.56412070694429
2024-12-06,32.570569968820834
2024-12-07,37.211520538276844
2024-12-08,38.20244782178949
2024-12-09,42.19251290216739
2024-12-10,40.92786859729419
2024-12-11,36.98654025705347
2024-12-12,42.20527998712531
2024-12-13,47.68226152116387
2024-12-14,35.57642637734226
2024-12-15,35.68347043879512
2024-12-16,30.533817509848497
2024-12-17,22.022236020265265
2024-12-18,24.3347983186644
2024-12-19,35.05996137172822
2024-12-20,58.7733879767253
2024-12-21,70.8190560862646
2024-12-22,48.30007568447165
2024-12-23,35.786981831475416
2024-12-24,34.53958991283076
2024-12-25,25.844197231325783
2024-12-26,28.954382426785372
2024-12-27,36.41093504573168
2024-12-28,41.217084911247284
2024-12-29,49.89451629708635
2024-12-30,44.97112211718366
2025-01-01,44.57315404917588
2025-01-02,48.0218274502875
2025-01-03,30.829645491466994
2025-01-04,29.660107835856493
2025-01-05,31.190728654023086
2025-01-06,70.14736838424815
2025-01-07,52.411539513400875
2025-01-08,28.095756670889966
2025-01-09,38.720026707983195
2025-01-10,39.00185590090067
2025-01-11,51.71781020860295
2025-01-12,55.55514610736637
2025-01-13,42.46470473193964
2025-01-14,39.51715032213674
2025-01-15,45.8516792848315
2025-01-16,30.11566374667198
2025-01-17,77.89145118674473
2025-01-18,64.77200725681685
2025-01-19,44.680471412467206
2025-01-20,41.482464890241864
2025-01-21,38.855900651804646
2025-01-22,35.15951083342866
2025-01-23,41.18958823394193
2025-01-24,31.89125355089485
2025-01-25,36.64397651060151
2025-01-26,34.96289044426556
2025-01-27,32.473699557759055
2025-01-28,69.60586257863591
2025-01-29,29.672917855157092
2025-01-30,75.39964769380653
2025-01-31,57.67858352701829
2025-02-01,47.9883758376922
2025-02-02,74.43612307147671
2025-02-03,73.07138609548231
2025-02-04,55.26507098107301
2025-02-05,54.36344134898148
2025-02-06,45.4105262932108
2025-02-07,35.44281143485512
2025-02-08,38.63571572826503
2025-02-09,38.45024468597861
2025-02-10,32.29203925222619
2025-02-11,31.274939013192782
2025-02-12,41.5357170529913
2025-02-13,40.44862939380182
2025-02-14,30.008288487906217
2025-02-15,23.98604631410449
2025-02-16,59.039412357928754
2025-02-17,42.75834589030282
2025-02-18,36.50632415615062
2025-02-19,66.0543950612453
2025-02-20,50.52096074349903
2025-02-21,38.7515428431027
2025-02-22,59.436401733334435
2025-02-23,52.4270703002017
2025-02-24,42.34303837955911
2025-02-25,40.69945519444138
2025-02-26,50.729773063062424
2025-02-27,43.08494141276564
2025-02-28,60.789927577058826
2025-03-01,60.04195257808035
2025-03-02,44.708972716941354
2025-03-03,36.73126557722397
2025-03-04,56.77731358431183
2025-03-05,61.00367234036263
2025-03-06,75.24564381530122
2025-03-07,48.88914786912092
2025-03-08,52.967333187886794
2025-03-09,63.17706068480737
2025-03-10,66.04493840866829
2025-03-11,68.62825399763686
2025-03-12,76.49764850676829
2025-03-13,62.455858960233606
2025-03-14,60.19353158400826
2025-03-15,61.56453863870215
2025-03-16,44.38418350991067
2025-03-17,50.84756441319986
2025-03-18,48.46112395945172
2025-03-19,35.923758516861874
2025-03-20,34.50102137640146
2025-03-21,49.46123867347399
2025-03-22,66.28394194599001
2025-03-23,58.979174339777806
2025-03-24,65.9263014373766
2025-03-25,45.54494125840209
2025-03-26,44.23831105278713
2025-03-27,35.91227490235356
2025-03-28,34.18037930844772
2025-03-29,26.48182375760594
2025-03-30,27.149074351797324
2025-03-31,24.513864511311716
2025-04-01,51.70479284040184
2025-04-02,42.66307248705252
2025-04-03,43.553487069665756
2025-04-04,48.98707116244041
2025-04-05,50.34515563637806
2025-04-06,47.652840140740466
2025-04-07,38.40194041820458
2025-04-08,27.252391447011476
2025-04-09,22.38527043692228
2025-04-10,35.86808387240113
2025-04-11,35.676586132240146
2025-04-12,60.2777200158508
2025-04-13,79.08789395730409
2025-04-14,63.53956006642769
2025-04-15,74.02038392295728
2025-04-16,55.747080317269884
2025-04-17,41.49857053778372
2025-04-18,35.46973436565151
2025-04-19,56.754157786512565
2025-04-20,46.53918344644534
2025-04-21,38.00144955194188
2025-04-22,40.928690564957925
2025-04-23,33.04608972338131
2025-04-24,26.467435032935082
2025-04-25,41.308144626076036
2025-04-26,41.96863774705034
2025-04-27,33.22746176197488
2025-04-28,31.573797702237837
2025-04-29,44.06645714806066
2025-04-30,50.28353636235943
2025-05-01,39.06213691723576
2025-05-02,39.88404117092768
2025-05-03,51.84551069967494
2025-05-04,44.96750169369435
2025-05-05,38.4603640834887
2025-05-06,34.743214772879064
2025-05-07,35.99883426031155
2025-05-08,48.9603189559576
2025-05-09,38.95190308820792
2025-05-10,47.69054334292476
2025-05-11,50.59874342992868
2025-05-12,40.158914097930705
2025-05-13,62.682275549227015
2025-05-14,52.92911666895565
2025-05-15,45.876176811698905
2025-05-16,32.981746866597724
2025-05-17,26.92034964650371
2025-05-18,26.66318117492446
2025-05-19,32.54979837556025
2025-05-20,34.59144015757215
2025-05-21,29.019532592341978
2025-05-22,34.63345199554526
2025-05-23,39.25857935526646
