date,precipitation
2018-01-01,1.4604007726452777
2018-01-02,0.0
2018-01-03,0.0
2018-01-04,0.0
2018-01-05,0.0
2018-01-06,19.9854478542081
2018-01-07,15.188416449977199
2018-01-08,14.09459334494938
2018-01-09,0.0
2018-01-10,0.0
2018-01-11,0.003201639477648302
2018-01-12,0.0
2018-01-13,1.290893654450139
2018-01-14,2.1804261352790526
2018-01-15,0.8081381837735929
2018-01-16,0.0
2018-01-17,0.0
2018-01-18,5.496992681036688
2018-01-19,2.603376611125605
2018-01-20,0.0
2018-01-21,0.0
2018-01-22,0.0
2018-01-23,0.0
2018-01-24,0.0
2018-01-25,0.46817156876170957
2018-01-26,0.0
2018-01-27,0.0
2018-01-28,5.287949218981943
2018-01-29,34.0876369369605
2018-01-30,0.001819762739735826
2018-01-31,4.660928054550393
2018-02-01,0.0
2018-02-02,0.3984956647842394
2018-02-03,0.0
2018-02-04,14.149928058908538
2018-02-05,2.580684552939369
2018-02-06,0.9324659835431819
2018-02-07,0.07884126318692274
2018-02-08,11.362257035379606
2018-02-09,0.0
2018-02-10,0.06920829541959722
2018-02-11,1.4497127129450944
2018-02-12,0.061983103663058946
2018-02-13,0.0
2018-02-14,0.0
2018-02-15,0.0
2018-02-16,0.7670205692945691
2018-02-17,0.0
2018-02-18,0.0
2018-02-19,1.1862708538708302
2018-02-20,0.004961170114988461
2018-02-21,0.0
2018-02-22,0.2801500851136014
2018-02-23,0.0
2018-02-24,1.0056674151706502
2018-02-25,0.0
2018-02-26,0.5427981621965284
2018-02-27,0.0
2018-02-28,8.18558807432011
2018-03-01,0.3341165377940055
2018-03-02,0.13968940277630276
2018-03-03,0.4062741846239985
2018-03-04,0.011900106274838252
2018-03-05,0.8607402667304616
2018-03-06,14.712936387012794
2018-03-07,15.147711497189604
2018-03-08,1.3926594248141384
2018-03-09,0.0
2018-03-10,0.3518334120332793
2018-03-11,1.153341398752564
2018-03-12,0.24176367655238848
2018-03-13,5.654140219899149
2018-03-14,7.519259351786857
2018-03-15,12.265655245080987
2018-03-16,3.5787735135259187
2018-03-17,2.034144941347769
2018-03-18,0.06629529774327186
2018-03-19,0.0
2018-03-20,0.0
2018-03-21,0.0
2018-03-22,0.0
2018-03-23,1.146471893303795
2018-03-24,2.5730180996284804
2018-03-25,0.5023633465389108
2018-03-26,0.033060311978089195
2018-03-27,0.0
2018-03-28,1.1636676417967569
2018-03-29,2.9704839568593897
2018-03-30,1.6434288719178625
2018-03-31,0.004481478750803464
2018-04-01,0.0
2018-04-02,4.090282632900035
2018-04-03,0.10706883489778851
2018-04-04,0.0
2018-04-05,0.022762733399356753
2018-04-06,1.3173989578085183
2018-04-07,0.01123786272545372
2018-04-08,0.0
2018-04-09,0.004576195852388275
2018-04-10,0.09172581106142863
2018-04-11,0.010720068517330159
2018-04-12,26.899226878083887
2018-04-13,10.333189476838568
2018-04-14,0.0
2018-04-15,0.0
2018-04-16,0.0
2018-04-17,0.0
2018-04-18,0.003484406137145532
2018-04-19,3.77643265553353
2018-04-20,0.8189544162075366
2018-04-21,4.18700525088515
2018-04-22,0.1409973006443615
2018-04-23,1.021014279882051
2018-04-24,13.75265217338394
2018-04-25,1.4012173274817998
2018-04-26,0.059775224246413114
2018-04-27,0.0
2018-04-28,2.0365275078811766
2018-04-29,0.03358026670734108
2018-04-30,0.0
2018-05-01,0.0
2018-05-02,0.0
2018-05-03,0.5022756856872828
2018-05-04,1.019981353355375
2018-05-05,0.03490536259976549
2018-05-06,0.4006577566257909
2018-05-07,2.493862247788154
2018-05-08,3.128065801378252
2018-05-09,0.023615053079182567
2018-05-10,0.26335755428312085
2018-05-11,0.0
2018-05-12,0.0
2018-05-13,0.0
2018-05-14,0.0
2018-05-15,0.0
2018-05-16,6.461495340485037
2018-05-17,4.6726922924472385
2018-05-18,2.586995166096891
2018-05-19,2.517871913393243
2018-05-20,0.1625573083429425
2018-05-21,0.04977467429858347
2018-05-22,0.0
2018-05-23,0.0
2018-05-24,0.0
2018-05-25,0.0
2018-05-26,2.9095732968377863
2018-05-27,1.144731411990256
2018-05-28,0.0
2018-05-29,0.0018513553605326544
2018-05-30,0.002305213934370867
2018-05-31,4.234470282636615
2018-06-01,1.6994388518835597
2018-06-02,0.0
2018-06-03,0.0032531295479491093
2018-06-04,0.003941258773109065
2018-06-05,0.8670107132365062
2018-06-06,0.0
2018-06-07,0.0
2018-06-08,0.0025834299782811904
2018-06-09,0.0
2018-06-10,0.0
2018-06-11,0.0
2018-06-12,0.0
2018-06-13,0.0
2018-06-14,0.04854299027961694
2018-06-15,0.0
2018-06-16,0.0
2018-06-17,0.9280365786777534
2018-06-18,0.7719675782763932
2018-06-19,0.028518977704808827
2018-06-20,0.03829412610189865
2018-06-21,0.0
2018-06-22,0.12342139024685403
2018-06-23,0.0
2018-06-24,0.0
2018-06-25,0.0
2018-06-26,0.0
2018-06-27,0.009715858124934284
2018-06-28,0.0
2018-06-29,0.0
2018-06-30,0.0
2018-07-01,0.0
2018-07-02,0.0
2018-07-03,0.0
2018-07-04,0.0
2018-07-05,0.0
2018-07-06,0.00795096435066702
2018-07-07,0.027470208839722152
2018-07-08,0.0
2018-07-09,0.0
2018-07-10,0.0
2018-07-11,0.0
2018-07-12,0.0
2018-07-13,0.0
2018-07-14,0.0
2018-07-15,0.0
2018-07-16,0.0
2018-07-17,0.0
2018-07-18,0.0
2018-07-19,0.0
2018-07-20,0.0
2018-07-21,0.0
2018-07-22,0.0
2018-07-23,0.0
2018-07-24,0.0
2018-07-25,0.0
2018-07-26,0.0
2018-07-27,0.0
2018-07-28,0.0
2018-07-29,0.0013115994527891867
2018-07-30,0.0
2018-07-31,0.008451201001868237
2018-08-01,0.5346698828386484
2018-08-02,0.7696774053211267
2018-08-03,0.18703758018889566
2018-08-04,0.1034833306766152
2018-08-05,0.0
2018-08-06,0.0006865835528690198
2018-08-07,0.08428953506701208
2018-08-08,0.021002681001659296
2018-08-09,0.10341167769586387
2018-08-10,0.28403787908500056
2018-08-11,0.007790915304449221
2018-08-12,0.0020675666679565016
2018-08-13,0.0
2018-08-14,0.0
2018-08-15,0.0
2018-08-16,0.056490393806351256
2018-08-17,0.5435655822655956
2018-08-18,0.3572907869048679
2018-08-19,0.18579119174897263
2018-08-20,0.016078207834004748
2018-08-21,0.03825988069469642
2018-08-22,0.0024322163392628726
2018-08-23,0.0
2018-08-24,0.0
2018-08-25,0.00909314802871414
2018-08-26,0.22385286108892719
2018-08-27,2.1050114182206205
2018-08-28,0.11533991406309002
2018-08-29,0.0
2018-08-30,0.6173745308676901
2018-08-31,0.0
2018-09-01,0.6682799260987836
2018-09-02,1.5786527579348755
2018-09-03,0.0032664080190084152
2018-09-04,0.0
2018-09-05,0.05416574742965308
2018-09-06,3.5263056561995976
2018-09-07,5.993734714479457
2018-09-08,2.725848452164092
2018-09-09,0.040591072080254344
2018-09-10,0.001653878685980839
2018-09-11,1.175496513658728
2018-09-12,4.368751107825052
2018-09-13,2.205929138100931
2018-09-14,3.2647090929824456
2018-09-15,4.149636708460446
2018-09-16,1.4139982533792166
2018-09-17,0.9948675938840335
2018-09-18,0.5766012485024966
2018-09-19,0.09460570127921897
2018-09-20,0.8256479565393977
2018-09-21,0.0
2018-09-22,0.0
2018-09-23,0.0
2018-09-24,0.0
2018-09-25,0.0
2018-09-26,1.144999686586599
2018-09-27,0.7381230964140687
2018-09-28,0.7440631298325017
2018-09-29,1.626670576416266
2018-09-30,5.740787910340168
2018-10-01,1.2891456898531661
2018-10-02,0.0
2018-10-03,0.0
2018-10-04,0.0
2018-10-05,0.0
2018-10-06,1.623790786181337
2018-10-07,0.0
2018-10-08,0.19923026314639947
2018-10-09,8.279141946251402
2018-10-10,0.41772260621220075
2018-10-11,0.29659584160495883
2018-10-12,0.0
2018-10-13,0.0
2018-10-14,0.061927206340673134
2018-10-15,0.010182404343523537
2018-10-16,0.0351939277213292
2018-10-17,0.0
2018-10-18,0.0
2018-10-19,0.06492749719485452
2018-10-20,0.6295950745722326
2018-10-21,0.0
2018-10-22,0.25297062265392933
2018-10-23,2.604056873209274
2018-10-24,0.0
2018-10-25,0.13130663470854814
2018-10-26,16.908697222176592
2018-10-27,14.552013723306736
2018-10-28,14.793533642769436
2018-10-29,0.0
2018-10-30,13.898806168235787
2018-10-31,18.211746054879104
2018-11-01,0.039833875381903146
2018-11-02,0.0410982383899961
2018-11-03,0.0
2018-11-04,0.0
2018-11-05,3.0055734644758756
2018-11-06,0.0
2018-11-07,0.0
2018-11-08,0.0
2018-11-09,0.0
2018-11-10,0.0
2018-11-11,0.0
2018-11-12,17.87968082216562
2018-11-13,14.857116108134676
2018-11-14,1.8846343770910532
2018-11-15,0.0
2018-11-16,10.0353414615157
2018-11-17,1.6840889921071298
2018-11-18,3.9106508700539138
2018-11-19,0.3769102356456739
2018-11-20,0.18724579496135016
2018-11-21,0.2879515712021964
2018-11-22,0.12900311663300473
2018-11-23,0.736068237266269
2018-11-24,0.9846765562419202
2018-11-25,1.0606134181389006
2018-11-26,0.7438923829734257
2018-11-27,0.0
2018-11-28,0.0
2018-11-29,0.0
2018-11-30,0.0
2018-12-01,0.7853644694290347
2018-12-02,0.014913097425923637
2018-12-03,0.0
2018-12-04,0.0
2018-12-05,0.004258085449970336
2018-12-06,0.0
2018-12-07,0.27667522991714094
2018-12-08,0.009096875730321545
2018-12-09,0.0
2018-12-10,0.0
2018-12-11,0.0048508799301469835
2018-12-12,0.0
2018-12-13,3.179609223345933
2018-12-14,0.0
2018-12-15,0.0
2018-12-16,0.0
2018-12-17,0.0
2018-12-18,0.0015272066328859853
2018-12-19,0.14742330234572837
2018-12-20,0.05525247886512595
2018-12-21,3.8114368410910426
2018-12-22,3.0455754115533753
2018-12-23,2.4893055114334226
2018-12-24,0.9933822795465078
2018-12-25,0.39511768452919893
2018-12-26,0.1051843057678934
2018-12-27,0.14915551999217078
2018-12-28,1.0377862546488377
2018-12-29,0.3475219683340729
2018-12-30,0.7187135690559533
2018-12-31,0.0
2019-01-01,0.0
2019-01-02,0.0
2019-01-03,0.6431665071899706
2019-01-04,1.182804467322164
2019-01-05,1.2311256965900268
2019-01-06,1.5120344841221134
2019-01-07,0.024725866231458265
2019-01-08,0.7941841927524613
2019-01-09,0.0
2019-01-10,1.0701799739427105
2019-01-11,2.0119177548585863
2019-01-12,0.9802248253669776
2019-01-13,0.23661750944807336
2019-01-14,0.14935332375149443
2019-01-15,0.53432157476534
2019-01-16,0.0
2019-01-17,0.0
2019-01-18,0.0
2019-01-19,13.395467148229555
2019-01-20,2.271832909558245
2019-01-21,0.07650419522973098
2019-01-22,0.03603265291469369
2019-01-23,1.1366954411176557
2019-01-24,0.005127892123151532
2019-01-25,0.0
2019-01-26,0.0
2019-01-27,1.951181638448673
2019-01-28,0.17910978069188363
2019-01-29,0.36789342372046036
2019-01-30,4.625321051642477
2019-01-31,3.1352330176984715
2019-02-01,2.332191823157546
2019-02-02,0.014880393403498076
2019-02-03,0.0
2019-02-04,0.0
2019-02-05,0.0
2019-02-06,0.0
2019-02-07,0.0
2019-02-08,0.0
2019-02-09,0.10080866379329666
2019-02-10,0.36906280024911964
2019-02-11,0.0
2019-02-12,0.0
2019-02-13,0.0
2019-02-14,0.0
2019-02-15,0.20068859394611122
2019-02-16,17.733992351870967
2019-02-17,6.907052842688104
2019-02-18,3.0057142801694985
2019-02-19,0.26500912358703316
2019-02-20,0.006913604939291094
2019-02-21,0.33549110855143194
2019-02-22,0.0
2019-02-23,0.0
2019-02-24,0.0
2019-02-25,0.0
2019-02-26,0.03115840148479941
2019-02-27,0.0
2019-02-28,0.002187616272438623
2019-03-01,0.016111521701201136
2019-03-02,0.23266875657395436
2019-03-03,0.004920380809070736
2019-03-04,0.0
2019-03-05,0.11661112945210886
2019-03-06,2.9546160564240287
2019-03-07,2.4673249342843366
2019-03-08,0.0
2019-03-09,0.0
2019-03-10,0.0
2019-03-11,0.0
2019-03-12,0.0
2019-03-13,0.012919989914698045
2019-03-14,0.02527801416001556
2019-03-15,0.0
2019-03-16,0.0
2019-03-17,1.1299599783321992
2019-03-18,0.048784315528787585
2019-03-19,0.0017176521840370819
2019-03-20,0.0
2019-03-21,0.0
2019-03-22,0.0
2019-03-23,3.536522037941498
2019-03-24,1.5724493166958053
2019-03-25,0.0
2019-03-26,17.22434504457204
2019-03-27,3.3590378756361203
2019-03-28,0.18593687091094543
2019-03-29,0.07095863508610521
2019-03-30,0.937350424461987
2019-03-31,1.8102614529710472
2019-04-01,0.0
2019-04-02,1.1888604532814127
2019-04-03,0.3365735323018458
2019-04-04,2.0707207061399053
2019-04-05,0.0
2019-04-06,0.0
2019-04-07,0.0
2019-04-08,0.5030293186337091
2019-04-09,0.0
2019-04-10,0.0
2019-04-11,0.0
2019-04-12,0.23714005747385927
2019-04-13,0.0
2019-04-14,0.0
2019-04-15,0.0
2019-04-16,0.0
2019-04-17,11.922881962487663
2019-04-18,0.16755452288469203
2019-04-19,0.11220549797885475
2019-04-20,0.6327465921808362
2019-04-21,7.612194226434117
2019-04-22,2.3743838316534758
2019-04-23,5.926782990918101
2019-04-24,0.20597609011555387
2019-04-25,0.151448886568247
2019-04-26,0.0
2019-04-27,2.2791013498117842
2019-04-28,11.181108214315902
2019-04-29,2.303303459102813
2019-04-30,0.0
2019-05-01,5.072479683666387
2019-05-02,5.4641263071080655
2019-05-03,0.6041096866221826
2019-05-04,0.025865103933336513
2019-05-05,0.0
2019-05-06,0.0
2019-05-07,0.0
2019-05-08,0.036371624324141434
2019-05-09,0.0
2019-05-10,0.0
2019-05-11,0.275931969587197
2019-05-12,0.49596079222841166
2019-05-13,0.0
2019-05-14,0.0
2019-05-15,0.0
2019-05-16,0.0
2019-05-17,1.0190239667419414
2019-05-18,0.7618793363081188
2019-05-19,0.6463809962811862
2019-05-20,0.0
2019-05-21,0.0
2019-05-22,0.16128307898965133
2019-05-23,0.4407928229014235
2019-05-24,0.12260999082957176
2019-05-25,0.007517476845116571
2019-05-26,0.0
2019-05-27,0.0
2019-05-28,0.008838667363778363
2019-05-29,0.00035675341394134563
2019-05-30,0.35370847317102266
2019-05-31,0.1499251669998223
2019-06-01,0.0
2019-06-02,0.0
2019-06-03,0.0005967411993316122
2019-06-04,0.15287141011714886
2019-06-05,0.527764115981366
2019-06-06,0.008099805966280009
2019-06-07,0.0035590797062182945
2019-06-08,0.0
2019-06-09,0.0022914396896086143
2019-06-10,0.0
2019-06-11,0.015050836435613472
2019-06-12,0.009249384133674059
2019-06-13,3.569648503248197
2019-06-14,0.46351707130001196
2019-06-15,0.00799104279039345
2019-06-16,0.0
2019-06-17,0.013626731158664612
2019-06-18,0.0
2019-06-19,0.0012017434615325178
2019-06-20,0.010115848674938466
2019-06-21,0.04251777361101261
2019-06-22,0.011514444612225718
2019-06-23,0.0
2019-06-24,0.01097084954536884
2019-06-25,0.029167417627663644
2019-06-26,0.0821838857904046
2019-06-27,0.0
2019-06-28,0.0
2019-06-29,0.06724941250170023
2019-06-30,0.3624903462289711
2019-07-01,0.0021186477962826735
2019-07-02,0.0
2019-07-03,0.06746332502615211
2019-07-04,0.015019503564126182
2019-07-05,0.4235159135348052
2019-07-06,0.2512949303527364
2019-07-07,0.44252237414845247
2019-07-08,0.0
2019-07-09,0.0
2019-07-10,0.0
2019-07-11,0.0
2019-07-12,0.0
2019-07-13,0.0
2019-07-14,0.0
2019-07-15,0.0
2019-07-16,0.0
2019-07-17,0.0
2019-07-18,0.0
2019-07-19,0.0
2019-07-20,0.010761978229111622
2019-07-21,0.0014280814123342651
2019-07-22,0.26232260832169296
2019-07-23,0.06919383793556928
2019-07-24,0.5784282650735564
2019-07-25,0.1670404246829069
2019-07-26,0.017019279505854176
2019-07-27,0.0
2019-07-28,0.0
2019-07-29,0.0
2019-07-30,0.07226475989502389
2019-07-31,0.0
2019-08-01,0.0
2019-08-02,0.008255722568847192
2019-08-03,0.018607110971577412
2019-08-04,0.023832994327349363
2019-08-05,0.003795334296382988
2019-08-06,0.045145596268287125
2019-08-07,0.10647982202867613
2019-08-08,0.010674640108056842
2019-08-09,0.26043222619121176
2019-08-10,0.9547644254292701
2019-08-11,0.6725625755174582
2019-08-12,0.3509902619052534
2019-08-13,0.0
2019-08-14,0.0
2019-08-15,0.0
2019-08-16,0.0
2019-08-17,0.03045673106185862
2019-08-18,0.0
2019-08-19,0.0
2019-08-20,0.0
2019-08-21,0.0
2019-08-22,0.018521346077869275
2019-08-23,0.21519908089997633
2019-08-24,0.0
2019-08-25,0.299761893884785
2019-08-26,0.8714137240265947
2019-08-27,0.0
2019-08-28,0.0
2019-08-29,0.015180449155536986
2019-08-30,0.0
2019-08-31,0.11717834701708672
2019-09-01,0.04385067948850282
2019-09-02,1.8474069487747633
2019-09-03,0.2405373044618593
2019-09-04,0.039759571884540795
2019-09-05,0.1115297524040835
2019-09-06,3.104831249968181
2019-09-07,4.5893315272283175
2019-09-08,1.315650453618334
2019-09-09,0.0014708997410077037
2019-09-10,0.12183283357297171
2019-09-11,0.0
2019-09-12,0.002792644378037792
2019-09-13,0.0
2019-09-14,0.0
2019-09-15,0.0
2019-09-16,0.0
2019-09-17,0.10700826955454174
2019-09-18,0.008046209508798462
2019-09-19,0.08223474056512318
2019-09-20,1.3551466433313692
2019-09-21,1.0027557084327978
2019-09-22,0.0038629005911635633
2019-09-23,0.0
2019-09-24,0.0
2019-09-25,0.05149571569941754
2019-09-26,0.0
2019-09-27,0.20643469097319928
2019-09-28,0.0
2019-09-29,0.0
2019-09-30,0.0072102944488770145
2019-10-01,0.05283040115262678
2019-10-02,0.7657254911965201
2019-10-03,0.0
2019-10-04,0.08098816904451508
2019-10-05,0.08470793514553356
2019-10-06,0.5002197104468075
2019-10-07,0.0
2019-10-08,0.013903301864046145
2019-10-09,0.23865732620687272
2019-10-10,0.18146513625183064
2019-10-11,0.7221398622800904
2019-10-12,0.0
2019-10-13,0.20367080151054975
2019-10-14,0.7940706657881094
2019-10-15,0.004000311890485093
2019-10-16,0.0
2019-10-17,0.0
2019-10-18,0.0
2019-10-19,0.09013567595781272
2019-10-20,1.055838973291649
2019-10-21,7.322646162916605
2019-10-22,7.683997480380168
2019-10-23,0.0
2019-10-24,0.0
2019-10-25,0.5428179401028158
2019-10-26,0.0
2019-10-27,0.0
2019-10-28,2.287256878019768
2019-10-29,0.0
2019-10-30,0.0034825062176049035
2019-10-31,0.0
2019-11-01,0.0
2019-11-02,0.024830938154085824
2019-11-03,0.5475315412314778
2019-11-04,0.0
2019-11-05,0.0004315072376587964
2019-11-06,0.0
2019-11-07,0.0020453179117875904
2019-11-08,0.27237851715179534
2019-11-09,0.0
2019-11-10,8.81598491866877
2019-11-11,1.570982630793974
2019-11-12,0.19395383402800523
2019-11-13,0.003136766837299039
2019-11-14,0.6117773627244761
2019-11-15,3.483208132399359
2019-11-16,0.31440467478590783
2019-11-17,0.0
2019-11-18,0.0013232980858232666
2019-11-19,0.07306487490969968
2019-11-20,2.268147527411324
2019-11-21,16.24404301194298
2019-11-22,10.360896026531982
2019-11-23,1.4805100541615541
2019-11-24,0.26435433630601785
2019-11-25,0.0
2019-11-26,0.017228414811059512
2019-11-27,0.41597336816186326
2019-11-28,0.17138331528152537
2019-11-29,0.0363156321442033
2019-11-30,0.15034889237442806
2019-12-01,0.016685566036287118
2019-12-02,0.7464354775026485
2019-12-03,0.23924391925313548
2019-12-04,1.3078343073223637
2019-12-05,0.0
2019-12-06,0.0
2019-12-07,0.003367488540513933
2019-12-08,0.0
2019-12-09,0.0
2019-12-10,0.0
2019-12-11,0.0
2019-12-12,0.0
2019-12-13,0.10312701924276076
2019-12-14,0.0
2019-12-15,0.17914883612993152
2019-12-16,14.175328897918904
2019-12-17,9.66083442171919
2019-12-18,0.0
2019-12-19,3.3484834324331723
2019-12-20,14.846274695766022
2019-12-21,3.8071976637516163
2019-12-22,0.0
2019-12-23,0.0
2019-12-24,0.0
2019-12-25,0.0
2019-12-26,0.10514258711108235
2019-12-27,0.009549093837012104
2019-12-28,0.0
2019-12-29,0.0
2019-12-30,0.0
2019-12-31,0.0
2020-01-01,0.7127676326605309
2020-01-02,0.07547240990599514
2020-01-03,0.8339707014996591
2020-01-04,0.11118712356064508
2020-01-05,1.0898739376477804
2020-01-06,0.21325105097757238
2020-01-07,0.1192238581798763
2020-01-08,0.0
2020-01-09,0.06696634842166592
2020-01-10,2.7300348741771914
2020-01-11,4.614785331989996
2020-01-12,0.7998087616199951
2020-01-13,0.0
2020-01-14,0.7738324835908562
2020-01-15,0.6524247625207404
2020-01-16,0.0
2020-01-17,0.0
2020-01-18,0.0
2020-01-19,1.3292236295033388
2020-01-20,1.4882907424452334
2020-01-21,0.033818149728445455
2020-01-22,11.027642990289383
2020-01-23,0.030383648985901682
2020-01-24,0.0
2020-01-25,2.034843448759882
2020-01-26,5.797300430773269
2020-01-27,0.002511326076985009
2020-01-28,0.0
2020-01-29,0.0720796107302395
2020-01-30,0.0
2020-01-31,0.09018465908545042
2020-02-01,0.024720275617571154
2020-02-02,0.0
2020-02-03,0.9497212056841818
2020-02-04,0.0
2020-02-05,1.6241421167177539
2020-02-06,1.4076422265320692
2020-02-07,1.6903433885068084
2020-02-08,0.04829996153826028
2020-02-09,0.02825624702918285
2020-02-10,0.0
2020-02-11,0.08779605066911762
2020-02-12,0.6896671604536234
2020-02-13,0.3939915795396249
2020-02-14,1.527214846128512
2020-02-15,0.0019204362249659304
2020-02-16,0.00198637493351213
2020-02-17,0.0
2020-02-18,0.0
2020-02-19,0.15024874060652227
2020-02-20,3.578093940483528
2020-02-21,0.172302352647965
2020-02-22,0.07174568628262142
2020-02-23,0.02863426305707986
2020-02-24,0.0
2020-02-25,0.03480987840239093
2020-02-26,0.0
2020-02-27,0.04788821374426888
2020-02-28,0.011790804339029556
2020-02-29,0.4112495865151551
2020-03-01,0.14819383948693599
2020-03-02,0.880356046135241
2020-03-03,0.029203975958393472
2020-03-04,0.0
2020-03-05,0.457177627178435
2020-03-06,0.004678497889904397
2020-03-07,0.01542018230755672
2020-03-08,0.005250135751922813
2020-03-09,0.0
2020-03-10,0.0
2020-03-11,0.0
2020-03-12,0.08191525928711088
2020-03-13,0.8619666734234596
2020-03-14,4.358310627672259
2020-03-15,6.760775105487014
2020-03-16,0.0
2020-03-17,0.9124780250243036
2020-03-18,1.8018779243566092
2020-03-19,4.70633415924902
2020-03-20,4.919548586749062
2020-03-21,0.0
2020-03-22,0.5183841647893983
2020-03-23,13.698668624508967
2020-03-24,20.10113011732447
2020-03-25,0.2873415381926974
2020-03-26,0.0
2020-03-27,0.0
2020-03-28,0.1759567533173692
2020-03-29,0.0
2020-03-30,0.0
2020-03-31,1.8347283346057148
2020-04-01,0.03334129033959407
2020-04-02,0.0
2020-04-03,0.0
2020-04-04,0.0018713160813631133
2020-04-05,0.30068505710453347
2020-04-06,0.4053916660010698
2020-04-07,0.023153139295069035
2020-04-08,0.5808157801001147
2020-04-09,0.6069222201668258
2020-04-10,0.05721868976562161
2020-04-11,2.391529148667736
2020-04-12,10.293473663247632
2020-04-13,0.3212863121817597
2020-04-14,0.21444357122700133
2020-04-15,1.8113170160809302
2020-04-16,1.053877851686597
2020-04-17,0.0
2020-04-18,6.770098493987677
2020-04-19,2.4193360728092475
2020-04-20,0.0
2020-04-21,0.12087601858986757
2020-04-22,0.0
2020-04-23,3.9119168612039616
2020-04-24,15.56476762795703
2020-04-25,0.6438464108946025
2020-04-26,0.0
2020-04-27,0.0
2020-04-28,0.0
2020-04-29,0.0
2020-04-30,0.0
2020-05-01,0.4910062014455489
2020-05-02,0.0
2020-05-03,0.0
2020-05-04,0.27199455140711054
2020-05-05,0.08198020904034367
2020-05-06,0.8318470533117627
2020-05-07,1.2796378047255612
2020-05-08,2.8380527864797007
2020-05-09,0.049579374726012856
2020-05-10,1.0894589593166484
2020-05-11,0.0
2020-05-12,0.09923276330782507
2020-05-13,5.504974637356667
2020-05-14,0.0
2020-05-15,4.102927439552425
2020-05-16,5.1892667161191115
2020-05-17,0.026148394371247975
2020-05-18,0.0
2020-05-19,0.013993293332227517
2020-05-20,0.5162278694460127
2020-05-21,0.12843608732930725
2020-05-22,1.0112527207299455
2020-05-23,0.08229944882095079
2020-05-24,0.47355447544225604
2020-05-25,2.1765030633490525
2020-05-26,0.044465414339658844
2020-05-27,2.3918929408948406
2020-05-28,2.2076022039293632
2020-05-29,0.3748565107347481
2020-05-30,4.205313321149463
2020-05-31,0.4234964188604664
2020-06-01,0.1912928181038067
2020-06-02,0.17069855864518788
2020-06-03,0.17425076648890592
2020-06-04,0.5036276955880006
2020-06-05,0.04906036729108622
2020-06-06,3.191417413265928
2020-06-07,0.0024054828814870158
2020-06-08,0.0
2020-06-09,0.0
2020-06-10,0.0645869596215965
2020-06-11,0.1845865960900479
2020-06-12,0.3940119925814207
2020-06-13,0.4839506231523789
2020-06-14,0.019720781799858977
2020-06-15,0.015378407050980682
2020-06-16,2.0480483663773317
2020-06-17,1.380917920316958
2020-06-18,0.005458711114922354
2020-06-19,0.0
2020-06-20,0.0
2020-06-21,0.0
2020-06-22,0.0
2020-06-23,0.022935857753967875
2020-06-24,0.035254875638245184
2020-06-25,0.17806426200358888
2020-06-26,0.02223113406287407
2020-06-27,0.08470408618905204
2020-06-28,0.004218119153873246
2020-06-29,0.0897732055271043
2020-06-30,0.08667034137758861
2020-07-01,0.0
2020-07-02,0.0
2020-07-03,0.0
2020-07-04,0.0
2020-07-05,0.0
2020-07-06,0.0
2020-07-07,0.0
2020-07-08,0.0
2020-07-09,0.0
2020-07-10,0.0
2020-07-11,0.0
2020-07-12,0.005068720946130104
2020-07-13,0.0
2020-07-14,0.004487388804980489
2020-07-15,0.4204559809949363
2020-07-16,0.3237106948877157
2020-07-17,1.0571093979820192
2020-07-18,0.036005964838759376
2020-07-19,1.062376588254811e-06
2020-07-20,0.4069295649298228
2020-07-21,0.11290254319540405
2020-07-22,0.0
2020-07-23,0.0
2020-07-24,0.0
2020-07-25,0.0
2020-07-26,0.0
2020-07-27,0.0
2020-07-28,0.0
2020-07-29,0.027413847024021543
2020-07-30,0.011239651500629297
2020-07-31,0.019679589739762457
2020-08-01,0.5073114638871323
2020-08-02,0.5838340254519286
2020-08-03,0.0
2020-08-04,0.0
2020-08-05,0.015036231305327781
2020-08-06,0.5091986525350644
2020-08-07,0.5491211903926908
2020-08-08,0.16365913371567511
2020-08-09,0.0
2020-08-10,2.176776401919509
2020-08-11,0.015481904214279115
2020-08-12,0.3198879296602014
2020-08-13,0.10756925249075447
2020-08-14,0.0
2020-08-15,0.0
2020-08-16,0.0
2020-08-17,0.0
2020-08-18,0.0
2020-08-19,0.002097493638308992
2020-08-20,0.0068983967498518605
2020-08-21,0.053042213133959806
2020-08-22,0.3695737523635651
2020-08-23,0.30683955316388584
2020-08-24,0.3665196778670933
2020-08-25,0.050789276194793946
2020-08-26,0.14008382622304721
2020-08-27,0.0
2020-08-28,0.0
2020-08-29,0.0
2020-08-30,0.0
2020-08-31,0.11889382611907699
2020-09-01,0.025932729455689366
2020-09-02,0.0
2020-09-03,0.0
2020-09-04,0.12605700528700983
2020-09-05,0.05524401155820841
2020-09-06,1.1348773731109232
2020-09-07,0.0012668699589581717
2020-09-08,0.0
2020-09-09,0.009050992985769814
2020-09-10,0.0
2020-09-11,0.03842195608777261
2020-09-12,0.010558664150432537
2020-09-13,2.6767712090328355
2020-09-14,1.827366844706063
2020-09-15,0.0
2020-09-16,0.8624191162516776
2020-09-17,7.969962467822374
2020-09-18,1.1134830781702982
2020-09-19,0.0034373905830062264
2020-09-20,0.012380567831677684
2020-09-21,0.0
2020-09-22,0.0
2020-09-23,0.0
2020-09-24,0.0008728629697959918
2020-09-25,0.023905272438792678
2020-09-26,0.2789860140385414
2020-09-27,0.0
2020-09-28,0.0
2020-09-29,0.0
2020-09-30,0.0
2020-10-01,0.005072906654641368
2020-10-02,4.245647024615417
2020-10-03,0.04925469671599687
2020-10-04,0.0
2020-10-05,0.0
2020-10-06,0.0
2020-10-07,0.0
2020-10-08,0.045663862670891876
2020-10-09,0.0
2020-10-10,0.0
2020-10-11,0.0
2020-10-12,0.0
2020-10-13,0.0
2020-10-14,0.0
2020-10-15,0.0
2020-10-16,0.0013566334336711232
2020-10-17,0.0
2020-10-18,0.0
2020-10-19,0.21668813295549874
2020-10-20,0.4844115725505532
2020-10-21,8.27433412365553
2020-10-22,7.560655353734519
2020-10-23,1.611390107962795
2020-10-24,0.0
2020-10-25,0.0
2020-10-26,0.9316706456996743
2020-10-27,0.1940279283774125
2020-10-28,0.0
2020-10-29,0.0009585059966818874
2020-10-30,0.5855193323178804
2020-10-31,1.019627084982025
2020-11-01,0.0
2020-11-02,0.0
2020-11-03,0.0
2020-11-04,4.377519996206021
2020-11-05,4.847979502723164
2020-11-06,0.27354844994991134
2020-11-07,0.0
2020-11-08,0.0
2020-11-09,0.004271840385834375
2020-11-10,0.0
2020-11-11,0.061116399502816596
2020-11-12,1.799357888734148
2020-11-13,0.0
2020-11-14,0.09663968964385627
2020-11-15,0.0
2020-11-16,0.0
2020-11-17,0.0
2020-11-18,0.0
2020-11-19,0.0
2020-11-20,0.0
2020-11-21,0.0
2020-11-22,0.0
2020-11-23,0.0
2020-11-24,0.0
2020-11-25,0.06002801751485513
2020-11-26,17.475867280362046
2020-11-27,2.0061056763488194
2020-11-28,0.24868731509324796
2020-11-29,0.0
2020-11-30,0.0
2020-12-01,0.0
2020-12-02,0.0
2020-12-03,0.0
2020-12-04,0.047950198451307116
2020-12-05,0.4980245578057344
2020-12-06,0.17930637691272128
2020-12-07,0.46444876654531986
2020-12-08,0.9764833638977211
2020-12-09,0.13139708549911747
2020-12-10,1.8290996772694306
2020-12-11,2.909411017019116
2020-12-12,0.002022087300975874
2020-12-13,0.016252141877118105
2020-12-14,0.07161434784504338
2020-12-15,0.0
2020-12-16,25.20176426444631
2020-12-17,10.844758247742641
2020-12-18,0.0
2020-12-19,2.213101594530647
2020-12-20,0.00486277937316074
2020-12-21,0.43145138673834954
2020-12-22,0.007926814097567505
2020-12-23,0.037217975882985505
2020-12-24,0.03725971681044417
2020-12-25,3.57962597880595
2020-12-26,0.0
2020-12-27,0.0
2020-12-28,0.0
2020-12-29,0.890801519386621
2020-12-30,0.002805842160302195
2020-12-31,0.0
2021-01-01,0.1927648191382452
2021-01-02,1.319502889296319
2021-01-03,0.0
2021-01-04,0.0
2021-01-05,6.843811389658768
2021-01-06,4.163973770509859
2021-01-07,18.87991132034507
2021-01-08,8.756237630765549
2021-01-09,1.2264736597211108
2021-01-10,2.306512216968504
2021-01-11,3.8182151524285133
2021-01-12,0.0
2021-01-13,0.0
2021-01-14,0.0
2021-01-15,0.0
2021-01-16,0.0
2021-01-17,0.0986363531145496
2021-01-18,0.0
2021-01-19,0.045716909183026885
2021-01-20,5.565777663821738
2021-01-21,0.6606621985893986
2021-01-22,3.422123174894406
2021-01-23,0.023063644024516276
2021-01-24,5.809597823495359
2021-01-25,0.0034512031579229272
2021-01-26,0.1531009972176104
2021-01-27,0.0
2021-01-28,0.0
2021-01-29,0.0
2021-01-30,3.465684836055824
2021-01-31,1.2043484238742825
2021-02-01,0.002724383786952976
2021-02-02,0.0
2021-02-03,0.9665970528992478
2021-02-04,2.0887194702869243
2021-02-05,0.32597064126622977
2021-02-06,1.2156793605609593
2021-02-07,0.015869839696731867
2021-02-08,0.372499302944819
2021-02-09,2.325606515150979
2021-02-10,0.001696181144046319
2021-02-11,0.0
2021-02-12,0.25379803922839733
2021-02-13,0.0
2021-02-14,0.0
2021-02-15,0.00804797574175783
2021-02-16,0.0
2021-02-17,0.0
2021-02-18,0.06226076870383101
2021-02-19,0.24081880981666975
2021-02-20,3.331036424553579
2021-02-21,19.241866191084398
2021-02-22,0.0
2021-02-23,0.0
2021-02-24,0.0
2021-02-25,0.0
2021-02-26,0.6210896459613904
2021-02-27,5.0115014399725295
2021-02-28,2.360831819136974
2021-03-01,13.960952182528564
2021-03-02,1.2186339203690106
2021-03-03,0.08121599250919394
2021-03-04,0.10692005560969718
2021-03-05,0.8020878308576513
2021-03-06,24.17964871285484
2021-03-07,0.4732014389042034
2021-03-08,0.3549989141414144
2021-03-09,0.0
2021-03-10,0.0
2021-03-11,0.0
2021-03-12,0.0
2021-03-13,0.0
2021-03-14,0.18579502229328823
2021-03-15,0.05883521396196189
2021-03-16,0.29491052946659346
2021-03-17,0.3797098836664375
2021-03-18,11.031388478747498
2021-03-19,5.80819689079302
2021-03-20,0.02949076955955605
2021-03-21,0.0
2021-03-22,0.0
2021-03-23,0.0
2021-03-24,0.0
2021-03-25,0.0
2021-03-26,1.656974129410731
2021-03-27,0.6579153916535061
2021-03-28,5.215192845491668
2021-03-29,1.3621576786861456
2021-03-30,0.8030369845095544
2021-03-31,0.05248291318217805
2021-04-01,0.0
2021-04-02,0.0
2021-04-03,0.0
2021-04-04,0.0
2021-04-05,0.0
2021-04-06,0.19128381443233988
2021-04-07,1.2102292184402823
2021-04-08,1.6451052395341808
2021-04-09,7.857226864378652
2021-04-10,2.142422385725545
2021-04-11,0.17469758168765945
2021-04-12,0.43096611452775846
2021-04-13,0.36413809733106806
2021-04-14,15.902792887510683
2021-04-15,13.555686630032632
2021-04-16,0.8430768821090653
2021-04-17,0.0
2021-04-18,0.0
2021-04-19,0.0
2021-04-20,0.0
2021-04-21,1.06035783401906
2021-04-22,1.8889207184363015
2021-04-23,0.13764219858744844
2021-04-24,1.9516494706225576
2021-04-25,0.039391827742860895
2021-04-26,0.0
2021-04-27,0.0
2021-04-28,0.05120604712654474
2021-04-29,0.0031499279030989644
2021-04-30,0.21449649292381473
2021-05-01,0.501402150406891
2021-05-02,0.3155927149489354
2021-05-03,0.5293636289377064
2021-05-04,1.6337537693288355
2021-05-05,0.6361790878784772
2021-05-06,0.0
2021-05-07,0.0
2021-05-08,4.73860400720654
2021-05-09,0.2779624586799804
2021-05-10,0.0
2021-05-11,0.0
2021-05-12,0.0
2021-05-13,0.0
2021-05-14,0.0
2021-05-15,0.012127182416662937
2021-05-16,0.0
2021-05-17,0.0
2021-05-18,0.0
2021-05-19,0.0
2021-05-20,0.0
2021-05-21,0.16945554748480582
2021-05-22,1.475073186724583
2021-05-23,1.118887461498051
2021-05-24,1.0326048020549201
2021-05-25,0.1561642994437805
2021-05-26,3.2668011637361505
2021-05-27,4.57472614938256
2021-05-28,0.2009733920077214
2021-05-29,1.812137164121773
2021-05-30,3.606965366564592
2021-05-31,4.705516868105011
2021-06-01,0.004922231897723263
2021-06-02,0.47483971115376433
2021-06-03,1.4033966462966825
2021-06-04,3.411530294910951
2021-06-05,0.05186120184616738
2021-06-06,0.05932809134941789
2021-06-07,0.7150188811463943
2021-06-08,2.3687648710667393
2021-06-09,0.012833089897501301
2021-06-10,0.016439472456713546
2021-06-11,0.1591511695120353
2021-06-12,0.5220037611732534
2021-06-13,0.005074603265142
2021-06-14,0.016177540970735343
2021-06-15,0.4817440425842449
2021-06-16,1.4830462259613368
2021-06-17,0.0629326867128389
2021-06-18,0.9678921036287552
2021-06-19,0.11191353174726128
2021-06-20,0.0
2021-06-21,0.0
2021-06-22,0.0
2021-06-23,0.0
2021-06-24,0.0
2021-06-25,0.0007635245902003152
2021-06-26,0.0
2021-06-27,0.0
2021-06-28,0.0
2021-06-29,0.0
2021-06-30,0.0
2021-07-01,0.0
2021-07-02,0.0
2021-07-03,0.0
2021-07-04,0.0
2021-07-05,0.015048442225053617
2021-07-06,0.013722338497399362
2021-07-07,0.0
2021-07-08,0.0
2021-07-09,0.0
2021-07-10,0.0
2021-07-11,0.0
2021-07-12,0.02895181271977694
2021-07-13,0.0
2021-07-14,0.0
2021-07-15,0.0
2021-07-16,0.041008655255934126
2021-07-17,0.011045559561486958
2021-07-18,0.0
2021-07-19,0.0
2021-07-20,0.0
2021-07-21,0.0
2021-07-22,0.0019732780321848513
2021-07-23,0.0
2021-07-24,0.09210933592466035
2021-07-25,0.0
2021-07-26,0.0
2021-07-27,0.0
2021-07-28,0.12705458760066016
2021-07-29,0.24126511880635898
2021-07-30,0.031867341641627016
2021-07-31,0.0
2021-08-01,0.052178651177019496
2021-08-02,0.0
2021-08-03,0.0
2021-08-04,0.0
2021-08-05,0.0
2021-08-06,0.007310653123404532
2021-08-07,0.0
2021-08-08,0.0
2021-08-09,0.0
2021-08-10,0.06736533035577884
2021-08-11,0.0
2021-08-12,0.0
2021-08-13,0.0
2021-08-14,0.0
2021-08-15,0.14166298544497433
2021-08-16,0.0
2021-08-17,0.0
2021-08-18,0.0
2021-08-19,0.0
2021-08-20,0.16575819787845353
2021-08-21,0.042221224884408944
2021-08-22,0.0
2021-08-23,0.0180712321631144
2021-08-24,0.7382842093303318
2021-08-25,0.27822576226490375
2021-08-26,0.006659888199185612
2021-08-27,0.03761576442557245
2021-08-28,0.0686777041943511
2021-08-29,0.0
2021-08-30,0.12653344865568752
2021-08-31,0.060941632891171306
2021-09-01,0.0
2021-09-02,0.0
2021-09-03,0.0
2021-09-04,0.020447486606326705
2021-09-05,0.0
2021-09-06,1.0154210188604136
2021-09-07,0.383691320517579
2021-09-08,0.03484888668873678
2021-09-09,0.0
2021-09-10,0.0
2021-09-11,0.0
2021-09-12,0.6317840374820097
2021-09-13,2.4673668098836394
2021-09-14,5.579552971826181
2021-09-15,0.04013754361675655
2021-09-16,0.0
2021-09-17,0.0
2021-09-18,0.0
2021-09-19,1.5998869394784794
2021-09-20,0.8834137251222982
2021-09-21,1.2160206872877926
2021-09-22,0.14366967926290714
2021-09-23,0.034621841792918766
2021-09-24,0.0
2021-09-25,0.026393701772927623
2021-09-26,0.0
2021-09-27,0.0
2021-09-28,0.0
2021-09-29,0.0
2021-09-30,0.00357681164299006
2021-10-01,0.005869397753767982
2021-10-02,0.0835618071886287
2021-10-03,0.27264965518767725
2021-10-04,0.08671129944996425
2021-10-05,0.002554505428078416
2021-10-06,0.39026739094862406
2021-10-07,0.0
2021-10-08,0.0
2021-10-09,0.11153355547502208
2021-10-10,0.012131547830779361
2021-10-11,2.032564658151946
2021-10-12,1.3356098780671506
2021-10-13,0.0
2021-10-14,0.0
2021-10-15,0.009599030745368982
2021-10-16,0.008688232009243523
2021-10-17,0.3875449991605511
2021-10-18,0.0
2021-10-19,0.0
2021-10-20,0.06808460987682291
2021-10-21,0.09856853546634492
2021-10-22,0.08527277032761232
2021-10-23,0.024056211408026038
2021-10-24,0.0
2021-10-25,2.206574015095219
2021-10-26,1.551391210237876
2021-10-27,1.9796332999968642
2021-10-28,0.003977155450147742
2021-10-29,0.11080395639955046
2021-10-30,0.012021824211069246
2021-10-31,0.0
2021-11-01,0.0
2021-11-02,0.0
2021-11-03,1.4807762380279887
2021-11-04,0.04235491554155836
2021-11-05,0.0
2021-11-06,1.1268447454774435
2021-11-07,0.0
2021-11-08,0.2189025027594304
2021-11-09,0.052332161519998775
2021-11-10,0.0
2021-11-11,0.0
2021-11-12,0.038275101665331455
2021-11-13,0.2589160247384688
2021-11-14,0.30161776964004966
2021-11-15,0.5354750696618479
2021-11-16,0.0
2021-11-17,0.0
2021-11-18,0.0
2021-11-19,19.52347635612375
2021-11-20,9.419914529848231
2021-11-21,0.0
2021-11-22,0.0
2021-11-23,0.5022462103827019
2021-11-24,0.020850047367848585
2021-11-25,0.28110027063708365
2021-11-26,0.2474016720422704
2021-11-27,0.014948137406613049
2021-11-28,0.08557596335112369
2021-11-29,0.0
2021-11-30,0.0
2021-12-01,0.0
2021-12-02,4.141219435872472
2021-12-03,0.0
2021-12-04,0.0
2021-12-05,0.0
2021-12-06,0.0
2021-12-07,0.0
2021-12-08,0.783200216425916
2021-12-09,0.1525070574742512
2021-12-10,2.7266502583110444
2021-12-11,1.1797817594014155
2021-12-12,0.0
2021-12-13,0.2821678504060442
2021-12-14,0.15205113620824912
2021-12-15,0.009368724098425594
2021-12-16,0.11353170002872386
2021-12-17,0.05390266282351382
2021-12-18,0.0
2021-12-19,0.4526229331072211
2021-12-20,0.0
2021-12-21,0.014668499230866579
2021-12-22,8.547486521494855
2021-12-23,0.1962847190491202
2021-12-24,3.2025024989307
2021-12-25,20.816347976297962
2021-12-26,0.7043781449656379
2021-12-27,0.03422312416156906
2021-12-28,0.09207765813817542
2021-12-29,0.003389307418420835
2021-12-30,0.0027870742375242694
2021-12-31,0.0
2022-01-01,0.003324175210414264
2022-01-02,0.0
2022-01-03,0.013068210391688706
2022-01-04,0.24701489329160517
2022-01-05,0.20381268580925352
2022-01-06,0.9883580280093176
2022-01-07,0.0
2022-01-08,0.0
2022-01-09,0.0
2022-01-10,0.03371339671162215
2022-01-11,4.607822937142558
2022-01-12,0.13272147668529527
2022-01-13,0.051515190976039314
2022-01-14,0.12103608240674306
2022-01-15,0.0
2022-01-16,0.008769473682760149
2022-01-17,0.5549423102413515
2022-01-18,9.433486204571679
2022-01-19,0.011722591434806579
2022-01-20,0.2840610083847137
2022-01-21,0.0
2022-01-22,0.0
2022-01-23,0.09993965271296804
2022-01-24,0.10230457076060255
2022-01-25,0.0013827542903257046
2022-01-26,3.1489407800981346
2022-01-27,0.04538925360297586
2022-01-28,8.814298877340963
2022-01-29,0.0
2022-01-30,0.0
2022-01-31,0.0
2022-02-01,0.0
2022-02-02,0.0
2022-02-03,0.12950191151696008
2022-02-04,0.4612561619199292
2022-02-05,0.08460842457929328
2022-02-06,1.032104126338191
2022-02-07,0.002198209372512192
2022-02-08,0.0
2022-02-09,0.0
2022-02-10,0.0
2022-02-11,4.229908994918338
2022-02-12,0.0015988633190824407
2022-02-13,0.0
2022-02-14,0.0066781539234216725
2022-02-15,0.001459069501583117
2022-02-16,0.001984137617233197
2022-02-17,0.0
2022-02-18,0.0060896666241549565
2022-02-19,0.04405587249257093
2022-02-20,0.04922551597222432
2022-02-21,0.0
2022-02-22,0.11445185549173911
2022-02-23,5.339560944410288
2022-02-24,1.1545550619446439
2022-02-25,6.112672606423427
2022-02-26,6.717114906605943
2022-02-27,4.808975552950777
2022-02-28,0.0
2022-03-01,0.0
2022-03-02,0.0
2022-03-03,0.08857284988785576
2022-03-04,0.0
2022-03-05,0.0
2022-03-06,0.4618287304155166
2022-03-07,0.0
2022-03-08,0.0
2022-03-09,0.0
2022-03-10,0.057294895318220046
2022-03-11,3.789659164958829
2022-03-12,0.04827159579736045
2022-03-13,0.0
2022-03-14,4.157575882919736
2022-03-15,13.623589319942251
2022-03-16,0.9256848022171212
2022-03-17,14.762463639206814
2022-03-18,2.1242220796597886
2022-03-19,0.0
2022-03-20,0.62359867191631
2022-03-21,0.0
2022-03-22,5.698314034315668
2022-03-23,17.551219526424635
2022-03-24,1.5658992398788292
2022-03-25,0.49883062525086147
2022-03-26,0.0
2022-03-27,2.0320816501137138
2022-03-28,7.697782005532091
2022-03-29,1.4744764181317664
2022-03-30,0.28028598115541625
2022-03-31,0.0
2022-04-01,0.6812920618431169
2022-04-02,0.0
2022-04-03,9.894371469829947
2022-04-04,0.38458498348967063
2022-04-05,0.1495754128794643
2022-04-06,0.34191438413573677
2022-04-07,0.0
2022-04-08,0.01189003411120285
2022-04-09,0.0021936353741610027
2022-04-10,0.0
2022-04-11,6.41630129301661
2022-04-12,2.2034446345123606
2022-04-13,0.027577401643001674
2022-04-14,0.0
2022-04-15,0.0
2022-04-16,0.0
2022-04-17,0.0
2022-04-18,0.022519212239523256
2022-04-19,0.1076612960912721
2022-04-20,0.36224937412088826
2022-04-21,0.03444834474043225
2022-04-22,0.1808878598331124
2022-04-23,0.7871517597663834
2022-04-24,0.6934332131934979
2022-04-25,0.1442051164416146
2022-04-26,16.948534335079117
2022-04-27,3.7685786911620043
2022-04-28,0.0
2022-04-29,0.008265825847704893
2022-04-30,0.0
2022-05-01,0.0
2022-05-02,0.0
2022-05-03,0.11128871834364158
2022-05-04,0.12376675695839855
2022-05-05,0.0
2022-05-06,0.0
2022-05-07,0.0
2022-05-08,0.0
2022-05-09,0.0
2022-05-10,0.0
2022-05-11,0.0
2022-05-12,3.3383035203941254
2022-05-13,0.03437683618844632
2022-05-14,0.05003299930198631
2022-05-15,0.0
2022-05-16,0.03520558358101672
2022-05-17,0.0
2022-05-18,0.0
2022-05-19,0.0
2022-05-20,0.08411843951104515
2022-05-21,3.807688289330758
2022-05-22,2.4481243707945626
2022-05-23,0.41623696262585747
2022-05-24,0.0
2022-05-25,0.2932400102314144
2022-05-26,0.037162067501454434
2022-05-27,1.709127117975187
2022-05-28,6.549865239449079
2022-05-29,2.8917433858194137
2022-05-30,0.33416267044301623
2022-05-31,0.0
2022-06-01,0.003671385702191312
2022-06-02,1.0881381496068245
2022-06-03,0.32192579457390325
2022-06-04,0.36407263911658644
2022-06-05,0.5263064954671354
2022-06-06,0.49299304646621717
2022-06-07,0.6154251583776004
2022-06-08,0.0
2022-06-09,0.04523657406042034
2022-06-10,0.761058474849206
2022-06-11,0.9651524172772467
2022-06-12,1.6060472976216682
2022-06-13,1.0272876148000643
2022-06-14,1.250970135664147
2022-06-15,0.14386604470894537
2022-06-16,0.11886572630134315
2022-06-17,1.202877556409995
2022-06-18,1.113936158744494
2022-06-19,0.20225259420707925
2022-06-20,0.5290489574705708
2022-06-21,0.23284150602067005
2022-06-22,0.06488117560949051
2022-06-23,0.0
2022-06-24,0.0
2022-06-25,0.0
2022-06-26,0.0
2022-06-27,0.0
2022-06-28,0.0
2022-06-29,0.0
2022-06-30,0.0
2022-07-01,0.029505203743430707
2022-07-02,0.38736213985705137
2022-07-03,0.28539346841897784
2022-07-04,1.0238512020338237
2022-07-05,0.10189835615727856
2022-07-06,0.21601319571022606
2022-07-07,0.021630005004005998
2022-07-08,0.0
2022-07-09,0.0
2022-07-10,0.0
2022-07-11,0.0
2022-07-12,0.037167779609902765
2022-07-13,0.0
2022-07-14,0.0
2022-07-15,0.0
2022-07-16,0.005399765933536797
2022-07-17,0.0
2022-07-18,0.005491721901777385
2022-07-19,0.024167470962208556
2022-07-20,0.023950937594593748
2022-07-21,0.05166101430672024
2022-07-22,0.0
2022-07-23,0.0
2022-07-24,0.0
2022-07-25,0.0
2022-07-26,0.0
2022-07-27,0.0
2022-07-28,0.0
2022-07-29,0.0
2022-07-30,0.00984552900400926
2022-07-31,0.028404282879749818
2022-08-01,0.0
2022-08-02,0.0
2022-08-03,0.0
2022-08-04,0.21054443684205615
2022-08-05,0.0029771951220662874
2022-08-06,0.0
2022-08-07,0.22903825371165923
2022-08-08,0.0
2022-08-09,0.0
2022-08-10,0.018559777068584814
2022-08-11,0.37951622190942863
2022-08-12,0.022473913245440263
2022-08-13,0.07476027337787354
2022-08-14,0.07164578146354869
2022-08-15,0.0
2022-08-16,0.0
2022-08-17,0.0
2022-08-18,0.0
2022-08-19,0.0
2022-08-20,0.0
2022-08-21,0.0
2022-08-22,0.0
2022-08-23,0.0
2022-08-24,0.9731520212448959
2022-08-25,0.4151981585370585
2022-08-26,0.0
2022-08-27,0.016828694798211134
2022-08-28,0.005072474021255805
2022-08-29,0.16904031265224395
2022-08-30,0.012745821326996318
2022-08-31,0.07494964924480464
2022-09-01,0.5035725138749595
2022-09-02,1.3482030735142545
2022-09-03,0.011057843996079886
2022-09-04,0.4180308249301713
2022-09-05,0.4499815176704235
2022-09-06,1.577185751432773
2022-09-07,0.12034684410632088
2022-09-08,0.11637704479819963
2022-09-09,1.0222253188343944
2022-09-10,2.9963354450731265
2022-09-11,2.03532557814645
2022-09-12,2.4942731857400893
2022-09-13,1.4745249397462088
2022-09-14,0.0
2022-09-15,0.0
2022-09-16,0.0
2022-09-17,0.0
2022-09-18,0.0
2022-09-19,0.0
2022-09-20,0.14598661515790876
2022-09-21,0.15144947473475948
2022-09-22,0.0
2022-09-23,0.0
2022-09-24,0.15420292769910435
2022-09-25,0.35434192856977514
2022-09-26,0.30120223058437917
2022-09-27,0.052820197148803504
2022-09-28,0.0005376240013244149
2022-09-29,0.1274710894672124
2022-09-30,1.7311812914876874
2022-10-01,0.0
2022-10-02,4.104231794176317
2022-10-03,0.12245320572444358
2022-10-04,0.0
2022-10-05,0.013209625520019249
2022-10-06,0.0
2022-10-07,0.0
2022-10-08,3.7387126267672004
2022-10-09,4.895558633287513
2022-10-10,0.3010412226588598
2022-10-11,5.055931348560122
2022-10-12,4.997666913956214
2022-10-13,0.0971881190331285
2022-10-14,0.0015284835513627853
2022-10-15,0.45489608436599793
2022-10-16,4.1736233688842965
2022-10-17,0.32451962444350263
2022-10-18,0.0
2022-10-19,0.013239952129239846
2022-10-20,0.10830520767862567
2022-10-21,0.0
2022-10-22,0.011834283425973372
2022-10-23,0.0
2022-10-24,0.0
2022-10-25,0.040472349670394425
2022-10-26,0.9324914023488834
2022-10-27,0.0
2022-10-28,0.0
2022-10-29,0.05557920462687556
2022-10-30,0.15425273724875418
2022-10-31,1.3118617812896374
2022-11-01,2.3638254469318576
2022-11-02,0.0
2022-11-03,0.0
2022-11-04,0.0
2022-11-05,0.0
2022-11-06,0.031372541437391877
2022-11-07,0.0
2022-11-08,0.6595958436904387
2022-11-09,1.0567012228508044
2022-11-10,0.0
2022-11-11,0.0
2022-11-12,0.021955123732893506
2022-11-13,0.007834761210459933
2022-11-14,0.10933742292904969
2022-11-15,0.011568477919653196
2022-11-16,5.06930712296777
2022-11-17,0.0
2022-11-18,1.7561431395029783
2022-11-19,0.0
2022-11-20,0.06570830154145682
2022-11-21,0.47138973202327156
2022-11-22,0.8248113187252096
2022-11-23,0.07415435037553758
2022-11-24,0.9797556723024123
2022-11-25,0.1061331440086545
2022-11-26,0.24333186269730003
2022-11-27,0.3400211533292677
2022-11-28,0.1731709676619515
2022-11-29,0.0
2022-11-30,0.0647705816787096
2022-12-01,15.471357398819267
2022-12-02,0.03350589920630466
2022-12-03,0.0
2022-12-04,0.0
2022-12-05,1.834218781271577
2022-12-06,0.5428797609487375
2022-12-07,2.4101111349913356
2022-12-08,6.860985995460789
2022-12-09,10.742459013756251
2022-12-10,1.0525007289738153
2022-12-11,5.224728945195787
2022-12-12,1.2579496840612323
2022-12-13,0.7481563200954925
2022-12-14,23.874294556253485
2022-12-15,1.6749032009297105
2022-12-16,1.4881308500283683
2022-12-17,0.0
2022-12-18,0.0
2022-12-19,0.0
2022-12-20,0.003712387600143532
2022-12-21,0.0
2022-12-22,0.0007274494932658224
2022-12-23,0.0
2022-12-24,0.0
2022-12-25,0.0
2022-12-26,0.0
2022-12-27,0.0
2022-12-28,0.16742060629595062
2022-12-29,0.0
2022-12-30,0.0
2022-12-31,11.155214652008183
2023-01-01,4.781728110919534
2023-01-02,0.2555944830816841
2023-01-03,0.0
2023-01-04,0.09104443619969382
2023-01-05,0.07662470502389032
2023-01-06,0.0
2023-01-07,0.0
2023-01-08,0.07120781736271961
2023-01-09,3.440438233848882
2023-01-10,0.03781485427041424
2023-01-11,0.5564465167889316
2023-01-12,1.0303612647891336
2023-01-13,0.0
2023-01-14,0.0
2023-01-15,0.0
2023-01-16,0.0
2023-01-17,2.5954283374830274
2023-01-18,4.904971120015449
2023-01-19,0.0
2023-01-20,0.0
2023-01-21,0.0
2023-01-22,0.004207443737278541
2023-01-23,0.0
2023-01-24,0.25747316460346126
2023-01-25,0.7280639430679248
2023-01-26,3.1275451352581456
2023-01-27,5.438619286936383
2023-01-28,2.1249746841553674
2023-01-29,0.0
2023-01-30,0.027959381907745152
2023-01-31,0.0
2023-02-01,0.0
2023-02-02,0.0
2023-02-03,0.0
2023-02-04,0.0
2023-02-05,0.0
2023-02-06,0.0
2023-02-07,0.0
2023-02-08,0.0
2023-02-09,0.0039056596995258384
2023-02-10,16.454743529884247
2023-02-11,1.086447469382288
2023-02-12,0.0
2023-02-13,9.80149494510547
2023-02-14,11.434274198670774
2023-02-15,1.6228045892831384
2023-02-16,7.616688229271442
2023-02-17,15.395927498461429
2023-02-18,0.4586145441569409
2023-02-19,0.04522579544444323
2023-02-20,0.34915850028418355
2023-02-21,0.195811868704923
2023-02-22,0.38716298400738847
2023-02-23,0.5403693758753065
2023-02-24,5.275038605127643
2023-02-25,0.324080610405603
2023-02-26,0.05592682771214064
2023-02-27,0.0
2023-02-28,0.005755436991442579
2023-03-01,0.0
2023-03-02,0.032806268516576725
2023-03-03,0.0
2023-03-04,0.0
2023-03-05,1.5591607726951238
2023-03-06,0.09057300053869037
2023-03-07,1.1031593608398669
2023-03-08,0.25361140327257264
2023-03-09,1.9785641149808555
2023-03-10,0.015382875281410862
2023-03-11,0.02289963143380025
2023-03-12,0.16131123993277144
2023-03-13,0.029609524212934453
2023-03-14,0.5800498697035882
2023-03-15,0.0700771487995794
2023-03-16,0.0
2023-03-17,2.3929736322505044
2023-03-18,7.910357957434447
2023-03-19,0.0
2023-03-20,0.0
2023-03-21,0.0
2023-03-22,0.0
2023-03-23,0.9143764140147539
2023-03-24,0.03031882927346696
2023-03-25,0.0
2023-03-26,0.1236923972039772
2023-03-27,0.5381843084151844
2023-03-28,0.00869168218886535
2023-03-29,0.017322503232122664
2023-03-30,0.19971550781474362
2023-03-31,0.07134901546762734
2023-04-01,0.08104576788125403
2023-04-02,0.0
2023-04-03,0.008855813553934205
2023-04-04,1.151412113621181
2023-04-05,1.9998236783936296
2023-04-06,2.117525595424985
2023-04-07,0.0
2023-04-08,1.786552142306822
2023-04-09,0.03490908122668961
2023-04-10,0.0
2023-04-11,0.0
2023-04-12,0.013087941088409742
2023-04-13,2.0954764563043295
2023-04-14,0.04650364741611372
2023-04-15,0.0035693340430590164
2023-04-16,0.0
2023-04-17,0.0
2023-04-18,0.0
2023-04-19,5.065118059082751
2023-04-20,0.5229216586348218
2023-04-21,0.87399977188011
2023-04-22,0.003641432925181531
2023-04-23,0.7970989991513895
2023-04-24,0.0
2023-04-25,0.0
2023-04-26,0.0
2023-04-27,0.0
2023-04-28,2.404654549634065
2023-04-29,1.061768884633891
2023-04-30,0.7243684564431764
2023-05-01,0.012701064356647637
2023-05-02,0.0
2023-05-03,1.5854976708710244
2023-05-04,1.5231477039196566
2023-05-05,0.04501460502436607
2023-05-06,1.2494991156362274
2023-05-07,0.011721657171409192
2023-05-08,0.3930607130973371
2023-05-09,0.0
2023-05-10,0.5493273622497655
2023-05-11,0.3390341511462397
2023-05-12,0.1574992606236676
2023-05-13,0.33382002629825464
2023-05-14,0.2774558792541394
2023-05-15,0.0
2023-05-16,6.925751606461977
2023-05-17,19.998387875400788
2023-05-18,3.426408889148993
2023-05-19,0.11270074587420711
2023-05-20,0.09879252541047
2023-05-21,4.209418625580725
2023-05-22,0.0
2023-05-23,0.0026383276594606673
2023-05-24,0.0
2023-05-25,0.0
2023-05-26,0.051819187781932445
2023-05-27,0.04003314002771107
2023-05-28,0.0
2023-05-29,2.281454852127159
2023-05-30,0.014174272041994567
2023-05-31,0.0
2023-06-01,2.161416437947831
2023-06-02,0.7133761405202129
2023-06-03,0.0
2023-06-04,0.7626790636914271
2023-06-05,0.269807345680553
2023-06-06,1.1096724295903095
2023-06-07,0.3302275265069202
2023-06-08,3.882118955784147
2023-06-09,0.013804096376869595
2023-06-10,0.0803903694006676
2023-06-11,0.02566279221907771
2023-06-12,0.5639012607409677
2023-06-13,0.0
2023-06-14,0.0
2023-06-15,0.0
2023-06-16,0.0
2023-06-17,0.16625112609471446
2023-06-18,0.6934026239691271
2023-06-19,0.001623993434385383
2023-06-20,1.2114272624372748
2023-06-21,0.3338779140288159
2023-06-22,0.0
2023-06-23,0.1624569101062519
2023-06-24,0.002795184594989055
2023-06-25,0.36783077174206996
2023-06-26,0.0
2023-06-27,0.028669525870535433
2023-06-28,0.022693013120869205
2023-06-29,0.3191669165401595
2023-06-30,0.056692597181530115
2023-07-01,0.15972983251069817
2023-07-02,0.0
2023-07-03,0.0
2023-07-04,0.0
2023-07-05,0.0
2023-07-06,0.0
2023-07-07,0.0
2023-07-08,0.0030360783022169856
2023-07-09,0.0
2023-07-10,0.0
2023-07-11,0.016292424860516356
2023-07-12,0.010293286741841642
2023-07-13,0.0043987805221925155
2023-07-14,0.0
2023-07-15,0.038130460261813146
2023-07-16,0.0
2023-07-17,0.0
2023-07-18,0.0
2023-07-19,0.0021014456197375876
2023-07-20,0.0
2023-07-21,0.006440851245201226
2023-07-22,0.0
2023-07-23,0.0
2023-07-24,0.0
2023-07-25,0.0
2023-07-26,0.0
2023-07-27,0.0
2023-07-28,0.0
2023-07-29,0.0
2023-07-30,0.0018904544389915948
2023-07-31,0.0
2023-08-01,0.001741360837380579
2023-08-02,0.0
2023-08-03,0.0
2023-08-04,0.0
2023-08-05,0.0
2023-08-06,0.0
2023-08-07,0.0
2023-08-08,0.1421854982250436
2023-08-09,0.1735436044854309
2023-08-10,0.09495181882940293
2023-08-11,0.09286160748264087
2023-08-12,0.0
2023-08-13,0.0
2023-08-14,0.03429085866438971
2023-08-15,0.23908490706863988
2023-08-16,0.04742228235653979
2023-08-17,0.0
2023-08-18,0.03924533552057329
2023-08-19,0.0036582229591300836
2023-08-20,0.0
2023-08-21,0.0
2023-08-22,0.10498504541336372
2023-08-23,0.9199249122825417
2023-08-24,0.5392128269724836
2023-08-25,0.0
2023-08-26,0.06989030704801377
2023-08-27,0.01677978224178071
2023-08-28,0.0
2023-08-29,0.0
2023-08-30,0.0
2023-08-31,0.0
2023-09-01,0.6749134111460363
2023-09-02,7.022602573191909
2023-09-03,0.06472749757655255
2023-09-04,0.0
2023-09-05,0.2824464547706929
2023-09-06,0.10335484778106464
2023-09-07,0.0
2023-09-08,0.5097839349442997
2023-09-09,0.2366384699033671
2023-09-10,0.5922662630281434
2023-09-11,0.10011188454330364
2023-09-12,0.0
2023-09-13,0.0
2023-09-14,2.781188431023922
2023-09-15,0.5152219181641763
2023-09-16,0.02758503610082104
2023-09-17,1.5876800766623578
2023-09-18,0.0
2023-09-19,3.0930360001988118
2023-09-20,0.0
2023-09-21,0.0
2023-09-22,0.0
2023-09-23,0.0
2023-09-24,0.0
2023-09-25,0.0
2023-09-26,0.0015685616061969195
2023-09-27,0.0
2023-09-28,0.0
2023-09-29,0.0
2023-09-30,0.0
2023-10-01,0.0
2023-10-02,0.0
2023-10-03,0.0
2023-10-04,0.0018843869582838482
2023-10-05,0.0
2023-10-06,0.08216524597396196
2023-10-07,0.29684418616558816
2023-10-08,0.0
2023-10-09,0.0
2023-10-10,0.0
2023-10-11,0.0
2023-10-12,0.0
2023-10-13,0.0
2023-10-14,3.165349977597422
2023-10-15,0.017321956850032547
2023-10-16,0.0
2023-10-17,0.0
2023-10-18,0.2540594786561175
2023-10-19,1.9426212070142108
2023-10-20,0.6750800903186067
2023-10-21,0.30710727827077355
2023-10-22,0.5376531397346478
2023-10-23,9.221947605205528
2023-10-24,0.20172387435570194
2023-10-25,0.0
2023-10-26,0.0005285087268888088
2023-10-27,1.1075664020132492
2023-10-28,0.012186221230227568
2023-10-29,4.120559781998423
2023-10-30,13.792443855445091
2023-10-31,2.265342407989222
2023-11-01,2.3064870648241236
2023-11-02,0.06784497963121285
2023-11-03,1.4272284307972682
2023-11-04,0.009941318338087065
2023-11-05,0.0
2023-11-06,0.7708185684544075
2023-11-07,0.05441992906205561
2023-11-08,0.0
2023-11-09,0.0006720835298446407
2023-11-10,0.0033486469202876263
2023-11-11,0.24664975405750564
2023-11-12,0.005191460636914231
2023-11-13,0.05639263348371852
2023-11-14,0.026515076378584614
2023-11-15,0.026856919957765863
2023-11-16,0.01727450545176736
2023-11-17,0.0
2023-11-18,0.014323547997931542
2023-11-19,0.1541520986514938
2023-11-20,0.08188378165814438
2023-11-21,0.0
2023-11-22,0.45908281373452664
2023-11-23,1.0241433201628247
2023-11-24,0.031818531175664515
2023-11-25,0.8001787721974786
2023-11-26,0.15699508558104058
2023-11-27,0.2420463312256243
2023-11-28,0.4953545337166101
2023-11-29,1.4562067974211235
2023-11-30,1.1386724690831076
2023-12-01,0.3667185182926926
2023-12-02,0.11487067572081627
2023-12-03,0.0
2023-12-04,0.03192463766679329
2023-12-05,24.929793379560206
2023-12-06,0.2534572806101529
2023-12-07,0.24710211641667237
2023-12-08,2.185196659884695
2023-12-09,0.10986009514359442
2023-12-10,0.0
2023-12-11,0.0
2023-12-12,0.48288278820966335
2023-12-13,0.04884445325384781
2023-12-14,0.02317680065525213
2023-12-15,0.0
2023-12-16,0.0
2023-12-17,0.0
2023-12-18,0.0
2023-12-19,0.004203927044360696
2023-12-20,0.0
2023-12-21,0.0
2023-12-22,0.01555478118246138
2023-12-23,0.0
2023-12-24,0.15325011182733347
2023-12-25,0.0
2023-12-26,0.01109200861791576
2023-12-27,0.0
2023-12-28,0.004877527225397085
2023-12-29,0.0
2023-12-30,1.0778747704440792
2023-12-31,0.0
2024-01-01,4.211486847518601
2024-01-02,1.1405363359537388
2024-01-03,0.0
2024-01-04,2.5108617841473806
2024-01-05,7.826401122191367
2024-01-06,0.37651022945547563
2024-01-07,0.0
2024-01-08,0.0
2024-01-09,1.3459620354155284
2024-01-10,0.7416891804015417
2024-01-11,0.0
2024-01-12,0.0
2024-01-13,0.007518555563458721
2024-01-14,0.15993451086800067
2024-01-15,2.900419489705614
2024-01-16,16.273349267315588
2024-01-17,0.0
2024-01-18,0.019527925193611996
2024-01-19,4.050211918086562
2024-01-20,0.7294719687373424
2024-01-21,0.0
2024-01-22,0.0
2024-01-23,0.0
2024-01-24,0.0
2024-01-25,0.0
2024-01-26,0.0
2024-01-27,0.0
2024-01-28,0.0016791440945803815
2024-01-29,0.3230088426798814
2024-01-30,0.011218921322586966
2024-01-31,0.0
2024-02-01,0.0
2024-02-02,0.0
2024-02-03,0.0
2024-02-04,0.0
2024-02-05,0.007010520987219531
2024-02-06,0.0
2024-02-07,0.0
2024-02-08,10.596684343643396
2024-02-09,29.965332849441076
2024-02-10,0.0
2024-02-11,0.01243478756161799
2024-02-12,0.0
2024-02-13,0.03401700273558121
2024-02-14,0.04608626000195671
2024-02-15,0.11998281462354
2024-02-16,2.849839113184087
2024-02-17,0.0
2024-02-18,0.0
2024-02-19,0.0
2024-02-20,0.0
2024-02-21,0.0
2024-02-22,1.2566847834333779
2024-02-23,0.5954572151784926
2024-02-24,0.0
2024-02-25,0.0
2024-02-26,0.09730687361920463
2024-02-27,0.0
2024-02-28,0.0
2024-02-29,0.0
2024-03-01,0.007951871306420387
2024-03-02,0.1750157797207814
2024-03-03,0.0
2024-03-04,0.0
2024-03-05,1.7121798535773396
2024-03-06,0.0
2024-03-07,2.7525362522941945
2024-03-08,0.0
2024-03-09,0.8575735658266191
2024-03-10,0.0
2024-03-11,0.0
2024-03-12,0.0
2024-03-13,3.813204805448153
2024-03-14,0.0
2024-03-15,0.0
2024-03-16,0.0
2024-03-17,0.0
2024-03-18,4.913561373119621
2024-03-19,4.221617208153392
2024-03-20,0.22399988621442382
2024-03-21,7.114017852041684
2024-03-22,20.86207995422079
2024-03-23,1.0585373164485028
2024-03-24,11.55151483791145
2024-03-25,0.000495291993958185
2024-03-26,1.6741098812541944
2024-03-27,0.01688713606198177
2024-03-28,2.092890008869248
2024-03-29,0.03590679065399483
2024-03-30,5.69799490536179
2024-03-31,0.07755265051027482
2024-04-01,0.03886404369515103
2024-04-02,0.0809271536994023
2024-04-03,0.0
2024-04-04,0.0
2024-04-05,0.0
2024-04-06,10.79522000716006
2024-04-07,6.670363803381432
2024-04-08,0.20748727267737965
2024-04-09,0.0
2024-04-10,0.0
2024-04-11,0.6767830214600655
2024-04-12,1.1160234874910162
2024-04-13,2.3276253140820407
2024-04-14,1.2344205211574766
2024-04-15,0.11807897396052046
2024-04-16,0.0
2024-04-17,0.05892144083812695
2024-04-18,0.866215890404523
2024-04-19,0.7425602801511383
2024-04-20,3.3270023274975333
2024-04-21,4.546680766011823
2024-04-22,0.0
2024-04-23,0.0
2024-04-24,0.022835568973271065
2024-04-25,0.0
2024-04-26,0.0
2024-04-27,0.0
2024-04-28,0.009546689531999025
2024-04-29,0.0
2024-04-30,0.0
2024-05-01,0.16874080673763198
2024-05-02,0.18669183329926073
2024-05-03,0.0
2024-05-04,0.0
2024-05-05,0.0031944059663161417
2024-05-06,0.1196526852763516
2024-05-07,0.0
2024-05-08,0.0
2024-05-09,0.7210239017669713
2024-05-10,0.8148246667134936
2024-05-11,1.0188900446636269
2024-05-12,1.8890590602948114
2024-05-13,0.09851522812301926
2024-05-14,0.0
2024-05-15,0.0
2024-05-16,0.001896932828906652
2024-05-17,0.04676926042620332
2024-05-18,0.08688383381231307
2024-05-19,2.4140026011765405
2024-05-20,0.047102747590452285
2024-05-21,0.0
2024-05-22,0.08202624900524974
2024-05-23,0.33434195844404013
2024-05-24,0.999887552496448
2024-05-25,1.360973367159289
2024-05-26,1.2803178942048
2024-05-27,0.038241791544038
2024-05-28,0.7079150734254716
2024-05-29,0.0
2024-05-30,1.7054288608509276
2024-05-31,1.028688931359981
2024-06-01,0.6803894151194504
2024-06-02,0.00254372646755636
2024-06-03,0.8678061446870917
2024-06-04,0.12367651203840037
2024-06-05,1.1030601830065079
2024-06-06,0.03418685115157388
2024-06-07,0.6881386756065517
2024-06-08,0.06559447995494888
2024-06-09,0.0
2024-06-10,0.04406035508589769
2024-06-11,1.7381729766017868
2024-06-12,0.12912917103065724
2024-06-13,1.045588322976764e-05
2024-06-14,0.07198802224962422
2024-06-15,1.062198780009751
2024-06-16,0.0
2024-06-17,0.0
2024-06-18,0.0
2024-06-19,0.05724918240303024
2024-06-20,0.0
2024-06-21,0.0
2024-06-22,0.007860201220028881
2024-06-23,0.0
2024-06-24,0.0
2024-06-25,0.0003294947787853305
2024-06-26,0.06442977579359649
2024-06-27,0.0
2024-06-28,0.0
2024-06-29,0.0
2024-06-30,0.0
2024-07-01,0.0
2024-07-02,0.0
2024-07-03,0.0
2024-07-04,0.0
2024-07-05,0.0
2024-07-06,0.0
2024-07-07,0.0
2024-07-08,0.0
2024-07-09,0.0
2024-07-10,0.0
2024-07-11,0.0
2024-07-12,0.0
2024-07-13,0.0
2024-07-14,0.0
2024-07-15,0.0
2024-07-16,0.0
2024-07-17,0.0
2024-07-18,0.13193492543685206
2024-07-19,0.04093856618329957
2024-07-20,0.0
2024-07-21,0.0
2024-07-22,0.0
2024-07-23,0.0
2024-07-24,0.0
2024-07-25,0.0
2024-07-26,0.0
2024-07-27,0.3293647578735437
2024-07-28,0.0
2024-07-29,0.0
2024-07-30,0.0
2024-07-31,0.0
2024-08-01,0.001709342385446673
2024-08-02,0.0
2024-08-03,0.0
2024-08-04,0.0
2024-08-05,0.0
2024-08-06,0.0
2024-08-07,0.0
2024-08-08,0.0
2024-08-09,0.006668523962678508
2024-08-10,0.10993977778273491
2024-08-11,0.14510031972597226
2024-08-12,0.03182743149941643
2024-08-13,0.00615426260431573
2024-08-14,0.0
2024-08-15,0.0
2024-08-16,0.0
2024-08-17,0.0
2024-08-18,0.0
2024-08-19,0.0034736271313994954
2024-08-20,0.0
2024-08-21,0.8454021640237933
2024-08-22,0.005857742122435067
2024-08-23,0.23460168221599834
2024-08-24,0.18829419391702712
2024-08-25,0.07456266863078573
2024-08-26,0.00704284097738397
2024-08-27,0.07809552291830046
2024-08-28,1.4806294845331818
2024-08-29,0.698970217051881
2024-08-30,0.5264794466266423
2024-08-31,1.0841231895501937
2024-09-01,0.08541427572615437
2024-09-02,0.24458231275592918
2024-09-03,0.5631477168376938
2024-09-04,0.20935085159406103
2024-09-05,0.0043911335603076486
2024-09-06,0.05502042753352304
2024-09-07,0.041941806216651466
2024-09-08,1.8452177499616471
2024-09-09,0.0
2024-09-10,0.0
2024-09-11,3.144375529259174
2024-09-12,0.08660067290463563
2024-09-13,9.374501138607817e-05
2024-09-14,0.005463221544464255
2024-09-15,0.6888640731761055
2024-09-16,4.604563262761975
2024-09-17,1.1452052155501253
2024-09-18,0.16362104169111044
2024-09-19,0.8615581176125188
2024-09-20,1.4010978443070579
2024-09-21,2.720012607316981
2024-09-22,2.210226422112793
2024-09-23,0.0092615358678804
2024-09-24,0.0
2024-09-25,0.0
2024-09-26,0.0
2024-09-27,0.0026394682357815877
2024-09-28,0.0
2024-09-29,0.13892076365208256
2024-09-30,1.1724232115886695
2024-10-01,2.785026854181473
2024-10-02,0.001958463926538834
2024-10-03,0.7506148424892766
2024-10-04,1.7426147247754464
2024-10-05,0.06779352963279749
2024-10-06,6.222355229318317
2024-10-07,0.15014534539415847
2024-10-08,0.01123488092593717
2024-10-09,0.0
2024-10-10,0.07211887874882628
2024-10-11,0.0
2024-10-12,4.1420160604926775
2024-10-13,6.401626705758183
2024-10-14,7.8550879803642415
2024-10-15,0.1411322576390369
2024-10-16,0.21138745389107527
2024-10-17,0.003398846954348287
2024-10-18,0.0
2024-10-19,4.0628331598781555
2024-10-20,0.0
2024-10-21,0.0
2024-10-22,0.0
2024-10-23,0.16968456894183453
2024-10-24,0.0053083601832787505
2024-10-25,0.09345173273179297
2024-10-26,0.005670006509914735
2024-10-27,0.29657471456339624
2024-10-28,10.495071256110164
2024-10-29,0.0
2024-10-30,0.0
2024-10-31,0.0
2024-11-01,0.0
2024-11-02,0.0
2024-11-03,0.0008227826017589975
2024-11-04,0.0
2024-11-05,0.0
2024-11-06,0.0
2024-11-07,0.034316503636904236
2024-11-08,0.7168833122217184
2024-11-09,0.016848848531395778
2024-11-10,0.045491517596618763
2024-11-11,0.015506387584748604
2024-11-12,0.0
2024-11-13,0.02518272164726405
2024-11-14,0.18834334543376938
2024-11-15,0.9665116779001847
2024-11-16,3.2054010979597596
2024-11-17,0.4037555069703758
2024-11-18,3.2308406563355145
2024-11-19,9.837469657651354
2024-11-20,0.0
2024-11-21,0.0
2024-11-22,0.0
2024-11-23,0.0
2024-11-24,0.004574750713624405
2024-11-25,0.3297130386650364
2024-11-26,0.05823158460543459
2024-11-27,0.0054985381410462015
2024-11-28,0.0
2024-11-29,0.0
2024-11-30,0.0
2024-12-01,0.6516380043020248
2024-12-02,0.0
2024-12-03,0.0
2024-12-04,0.012532942095392314
2024-12-05,0.012403319293172807
2024-12-06,0.0
2024-12-07,0.7304663921287221
2024-12-08,0.41934854102005664
2024-12-09,0.09464821048132452
2024-12-10,0.0742141190598818
2024-12-11,0.1997063096842531
2024-12-12,0.043906774097779745
2024-12-13,0.0
2024-12-14,0.08144443807382776
2024-12-15,0.04482039561489455
2024-12-16,0.10591347956963457
2024-12-17,0.679804952058466
2024-12-18,0.0
2024-12-19,0.0
2024-12-20,0.10158730611767156
2024-12-21,2.3122292577677652
2024-12-22,11.279152642348437
2024-12-23,0.0
2024-12-24,0.0
2024-12-25,0.0
2024-12-26,0.0
2024-12-27,0.0
2024-12-28,0.19013131958691928
2024-12-29,3.2678747960535897
2024-12-30,0.0
2024-12-31,0.0
