date,temperature
2018-01-01,15.076643376321396
2018-01-02,15.868364661177688
2018-01-03,15.459872852348045
2018-01-04,16.009382785641435
2018-01-05,14.452423055341967
2018-01-06,6.666492544397157
2018-01-07,3.5259443101557983
2018-01-08,5.945068202785838
2018-01-09,7.775311347184179
2018-01-10,10.443611645947898
2018-01-11,10.388946391755303
2018-01-12,11.742460615678024
2018-01-13,13.514198574208732
2018-01-14,9.028533463038984
2018-01-15,6.94977239407602
2018-01-16,11.309572146854235
2018-01-17,14.532958999288654
2018-01-18,12.678074645645719
2018-01-19,9.18821861195483
2018-01-20,12.134521591212353
2018-01-21,13.613424148580584
2018-01-22,14.060856410193079
2018-01-23,14.689459177664279
2018-01-24,15.45665262739601
2018-01-25,14.173777956657586
2018-01-26,6.942879783488636
2018-01-27,6.074735242470339
2018-01-28,6.315354992579652
2018-01-29,8.977066711773972
2018-01-30,10.856689298180488
2018-01-31,10.94507491661222
2018-02-01,10.937950879113703
2018-02-02,6.076241558199863
2018-02-03,6.189663849568307
2018-02-04,7.503330862193323
2018-02-05,4.197082464644393
2018-02-06,4.280288716687116
2018-02-07,5.807220438548593
2018-02-08,5.825341027316641
2018-02-09,5.901355603369742
2018-02-10,6.920455945248088
2018-02-11,8.533285983970735
2018-02-12,11.80252787713097
2018-02-13,11.58250706347073
2018-02-14,13.289267317659153
2018-02-15,15.37033907982762
2018-02-16,14.916427005089398
2018-02-17,12.925831924570545
2018-02-18,14.438913999800212
2018-02-19,13.714853010916013
2018-02-20,12.49250987757666
2018-02-21,13.593951264466732
2018-02-22,9.585875472998655
2018-02-23,14.51662418280809
2018-02-24,11.847425578808705
2018-02-25,13.584111037792788
2018-02-26,17.0829779085025
2018-02-27,13.955050550970688
2018-02-28,18.136099383104238
2018-03-01,13.794764003426536
2018-03-02,17.196669803925488
2018-03-03,16.098968366605668
2018-03-04,12.38286261756175
2018-03-05,13.846401406167727
2018-03-06,12.054205342769215
2018-03-07,13.530273557350036
2018-03-08,15.29082508167559
2018-03-09,19.09753201148657
2018-03-10,18.39151744463375
2018-03-11,12.995889460266056
2018-03-12,14.075751149379954
2018-03-13,16.513325607602926
2018-03-14,17.98422202583326
2018-03-15,13.916512377524692
2018-03-16,8.524043341953798
2018-03-17,10.61257759864188
2018-03-18,12.053005039085809
2018-03-19,12.468000969922434
2018-03-20,10.16459040848455
2018-03-21,8.395693012915382
2018-03-22,8.923714768217563
2018-03-23,12.023021941935813
2018-03-24,9.275692517532182
2018-03-25,10.13680596217354
2018-03-26,12.096522901363214
2018-03-27,17.048503830191798
2018-03-28,20.569623070083097
2018-03-29,17.951585124448506
2018-03-30,13.534530695358303
2018-03-31,14.831167543018196
2018-04-01,21.573116265723257
2018-04-02,19.27138271299109
2018-04-03,17.509421441176855
2018-04-04,17.224840624336938
2018-04-05,22.781189076934897
2018-04-06,20.2972398251039
2018-04-07,10.561240289686777
2018-04-08,11.176113636663883
2018-04-09,10.568530489912364
2018-04-10,11.360637598499851
2018-04-11,9.648844916101659
2018-04-12,13.082037667663148
2018-04-13,9.367705457504231
2018-04-14,11.905429048289843
2018-04-15,15.325623152971422
2018-04-16,18.280566359857403
2018-04-17,21.004747868365403
2018-04-18,22.897982865806057
2018-04-19,22.599527047853957
2018-04-20,23.081561785172767
2018-04-21,21.62625753967533
2018-04-22,22.749512921278782
2018-04-23,21.343060939821825
2018-04-24,17.33248561131214
2018-04-25,14.07469717760944
2018-04-26,15.614905464483272
2018-04-27,18.89007656291994
2018-04-28,17.87440361719345
2018-04-29,13.394896303187451
2018-04-30,14.24708309187485
2018-05-01,11.127362074015066
2018-05-02,13.619709944994112
2018-05-03,15.627844125765073
2018-05-04,15.795592951158852
2018-05-05,18.70942858805503
2018-05-06,21.287960128341652
2018-05-07,16.53714125256165
2018-05-08,17.78866658660059
2018-05-09,17.750161033121834
2018-05-10,19.09992221428505
2018-05-11,22.06969578612452
2018-05-12,20.49613406779233
2018-05-13,19.81243704064942
2018-05-14,21.768240250682933
2018-05-15,22.00790018940727
2018-05-16,23.593300103612112
2018-05-17,17.89598887406812
2018-05-18,18.415436248485168
2018-05-19,18.167808860809007
2018-05-20,19.106058886043595
2018-05-21,18.53443248494668
2018-05-22,21.808931331454026
2018-05-23,24.37242820953421
2018-05-24,19.77944918050231
2018-05-25,18.966349552305932
2018-05-26,21.596242069133694
2018-05-27,18.181731229925298
2018-05-28,18.7225389330686
2018-05-29,17.89166730994352
2018-05-30,19.465223028571415
2018-05-31,21.83198369784571
2018-06-01,21.75600615472862
2018-06-02,19.608251506699297
2018-06-03,21.224837133110025
2018-06-04,22.529626959199753
2018-06-05,19.25015693902785
2018-06-06,19.131118317529218
2018-06-07,22.498520967892365
2018-06-08,25.25780094880882
2018-06-09,21.1584165720492
2018-06-10,19.450040542935195
2018-06-11,21.36674015430833
2018-06-12,21.590232422363275
2018-06-13,22.32563044143323
2018-06-14,25.131412167134915
2018-06-15,28.463813356212373
2018-06-16,29.412444469870028
2018-06-17,29.52276994831698
2018-06-18,29.500852027949268
2018-06-19,29.240515904295663
2018-06-20,28.094112945347003
2018-06-21,26.137440819997263
2018-06-22,26.257803667404765
2018-06-23,30.284912433021827
2018-06-24,30.70261941820396
2018-06-25,26.40941919075858
2018-06-26,26.516778966984827
2018-06-27,27.00960530938788
2018-06-28,26.707392884213686
2018-06-29,26.712271474326837
2018-06-30,25.767008104100512
2018-07-01,24.687688614942395
2018-07-02,27.598992368296653
2018-07-03,30.838789358758728
2018-07-04,28.742664011214217
2018-07-05,29.394485390825775
2018-07-06,30.933225241669227
2018-07-07,32.80155824344722
2018-07-08,31.80692356068936
2018-07-09,32.22100148946624
2018-07-10,30.579862462728904
2018-07-11,31.368931081003186
2018-07-12,28.85665614258012
2018-07-13,26.905894296502154
2018-07-14,31.081201848748538
2018-07-15,28.64939929784769
2018-07-16,28.732469543785594
2018-07-17,33.464494427826565
2018-07-18,32.98817888215524
2018-07-19,33.76938204411722
2018-07-20,32.21139250145459
2018-07-21,31.993896373579243
2018-07-22,31.94316337732898
2018-07-23,33.02198402726123
2018-07-24,32.2852423208855
2018-07-25,32.652891530239415
2018-07-26,31.433139253251092
2018-07-27,32.716211360683424
2018-07-28,33.461348040417256
2018-07-29,31.847605058809464
2018-07-30,29.94602651427301
2018-07-31,32.140852075033685
2018-08-01,34.5852091398954
2018-08-02,35.411058394413395
2018-08-03,34.26488722074771
2018-08-04,34.26427358965935
2018-08-05,33.421084335539874
2018-08-06,33.52639357307105
2018-08-07,33.815473124288374
2018-08-08,31.25000000575984
2018-08-09,28.150402990154976
2018-08-10,30.90461939665886
2018-08-11,31.781796372851158
2018-08-12,30.86784911129543
2018-08-13,30.9339943387501
2018-08-14,30.527171196195965
2018-08-15,30.048508295892447
2018-08-16,27.30616164972865
2018-08-17,27.90861424237537
2018-08-18,30.81104659995027
2018-08-19,33.470058245365635
2018-08-20,31.43635565276107
2018-08-21,29.44782221087171
2018-08-22,29.544054100504248
2018-08-23,29.617189266926186
2018-08-24,30.176111434197832
2018-08-25,30.97026975668267
2018-08-26,33.851729581262376
2018-08-27,35.233594300105494
2018-08-28,32.170867663656665
2018-08-29,29.153638764511793
2018-08-30,28.613487404647444
2018-08-31,30.56654096224646
2018-09-01,33.00716781022031
2018-09-02,33.47648526508818
2018-09-03,29.97286666012841
2018-09-04,29.850883097580688
2018-09-05,29.333239399939465
2018-09-06,27.28447923119555
2018-09-07,26.347174152958864
2018-09-08,24.655338365912332
2018-09-09,22.939176984650157
2018-09-10,25.972908178863353
2018-09-11,28.815748114647835
2018-09-12,24.74681254772674
2018-09-13,22.406454377545288
2018-09-14,21.1558317006535
2018-09-15,22.75993718393446
2018-09-16,25.029214645179337
2018-09-17,27.73911722109103
2018-09-18,26.93198209255326
2018-09-19,27.454352724093905
2018-09-20,27.0760570379982
2018-09-21,26.53077909305852
2018-09-22,27.692224133771777
2018-09-23,28.097244991633715
2018-09-24,28.564564788561658
2018-09-25,27.820681966038315
2018-09-26,26.721706738822057
2018-09-27,25.104987167282083
2018-09-28,24.602394134020724
2018-09-29,25.262960175678348
2018-09-30,25.388926352326965
2018-10-01,23.247311087257746
2018-10-02,24.24876773291513
2018-10-03,24.185603628001658
2018-10-04,24.402874495241708
2018-10-05,25.7456453268384
2018-10-06,26.290109578801765
2018-10-07,25.063109977391193
2018-10-08,23.49815178767717
2018-10-09,20.753928557534525
2018-10-10,22.65076031555031
2018-10-11,20.270821555540632
2018-10-12,24.337928475574593
2018-10-13,26.76709301497425
2018-10-14,23.530710416433205
2018-10-15,18.85208845892131
2018-10-16,15.765552175758758
2018-10-17,17.634954714852164
2018-10-18,12.53364147486582
2018-10-19,14.013762633968634
2018-10-20,18.70207511130734
2018-10-21,20.238888965757685
2018-10-22,20.873469917992157
2018-10-23,15.99712435200996
2018-10-24,19.797153423753727
2018-10-25,21.942809231501474
2018-10-26,19.567660976626996
2018-10-27,16.74651844306368
2018-10-28,6.313640214633115
2018-10-29,9.032589779931822
2018-10-30,10.876086318601532
2018-10-31,10.127978416305133
2018-11-01,13.23829148270679
2018-11-02,14.841611751501889
2018-11-03,15.345816196046245
2018-11-04,17.41404681938907
2018-11-05,14.188880754627238
2018-11-06,13.658642893008073
2018-11-07,16.947288025206042
2018-11-08,18.359312297849954
2018-11-09,13.542087809186915
2018-11-10,17.028627721255877
2018-11-11,19.672283319797067
2018-11-12,17.47357340264404
2018-11-13,14.24129784140505
2018-11-14,14.884865497801297
2018-11-15,15.547284408030372
2018-11-16,15.615901186448536
2018-11-17,15.425552354182356
2018-11-18,12.324916773764544
2018-11-19,10.014991148356348
2018-11-20,11.398039383322644
2018-11-21,14.535429416416104
2018-11-22,15.622335423165376
2018-11-23,11.17808661481997
2018-11-24,10.804455265721758
2018-11-25,11.668897874397876
2018-11-26,11.857011435189884
2018-11-27,14.349793705071308
2018-11-28,17.30048045332021
2018-11-29,17.034552752762693
2018-11-30,15.752238090460512
2018-12-01,14.651102990466914
2018-12-02,17.35752840635229
2018-12-03,19.24778025116295
2018-12-04,19.50292792833457
2018-12-05,19.35651705613967
2018-12-06,18.89756166596118
2018-12-07,17.836335446589853
2018-12-08,17.730844237293876
2018-12-09,17.250399902658135
2018-12-10,17.3730436729698
2018-12-11,15.206321013312161
2018-12-12,14.005617192283012
2018-12-13,13.333536004580289
2018-12-14,8.758508993429698
2018-12-15,13.557165724432958
2018-12-16,16.826501292561247
2018-12-17,16.20140277436856
2018-12-18,17.390864008495328
2018-12-19,16.103872198154274
2018-12-20,13.573703174408637
2018-12-21,13.572979133749062
2018-12-22,15.09442554196705
2018-12-23,16.368657999992966
2018-12-24,17.557835314467535
2018-12-25,17.06356229510997
2018-12-26,16.738890701188456
2018-12-27,15.68382949325925
2018-12-28,13.904725882868028
2018-12-29,11.173054885979681
2018-12-30,11.298754624747794
2019-01-01,13.912826637662446
2019-01-02,13.576234966515644
2019-01-03,12.508120738374073
2019-01-04,12.537550673545917
2019-01-05,12.915298066519059
2019-01-06,13.617985990856138
2019-01-07,13.016631585281917
2019-01-08,11.625198194819697
2019-01-09,12.711355212961626
2019-01-10,11.681289853739754
2019-01-11,10.394751407108874
2019-01-12,11.487625828123544
2019-01-13,12.381292756705506
2019-01-14,13.338933036219165
2019-01-15,12.242338066895174
2019-01-16,10.716766912542765
2019-01-17,9.984955728322968
2019-01-18,9.535524482868858
2019-01-19,7.462737233812462
2019-01-20,9.57420850013137
2019-01-21,7.906237805795412
2019-01-22,7.03245407096694
2019-01-23,7.710385123298358
2019-01-24,9.554761195591256
2019-01-25,13.357997098017677
2019-01-26,15.295261407263155
2019-01-27,12.73774848904212
2019-01-28,10.413388254896176
2019-01-29,12.101023795986608
2019-01-30,11.17060693902669
2019-01-31,12.425866469890089
2019-02-01,12.839322750332308
2019-02-02,7.109707769196333
2019-02-03,8.2144131796422
2019-02-04,12.00176245529596
2019-02-05,14.473066965124545
2019-02-06,15.326005020505072
2019-02-07,15.210472251571664
2019-02-08,15.507700863025338
2019-02-09,16.173349844793222
2019-02-10,16.228899955049037
2019-02-11,14.641325306248214
2019-02-12,15.031906187753092
2019-02-13,17.095206758296676
2019-02-14,17.089028423080876
2019-02-15,16.381251019025328
2019-02-16,13.570594786953736
2019-02-17,14.551619611909308
2019-02-18,12.227604685141344
2019-02-19,11.728139080800847
2019-02-20,13.079585022216332
2019-02-21,15.318693209863254
2019-02-22,16.57226612349608
2019-02-23,17.53364448627582
2019-02-24,17.517000068598673
2019-02-25,15.910051135404725
2019-02-26,16.131412083442214
2019-02-27,15.464807665640485
2019-02-28,17.11448057560823
2019-03-01,17.668246246862026
2019-03-02,16.294472656064144
2019-03-03,18.130385105169246
2019-03-04,16.852006148899576
2019-03-05,18.866017430680824
2019-03-06,17.71020916003785
2019-03-07,9.03221732416616
2019-03-08,11.503817122415718
2019-03-09,13.502645454874278
2019-03-10,17.609243756366133
2019-03-11,18.85442579530768
2019-03-12,20.80532229173524
2019-03-13,19.171383604050064
2019-03-14,18.481373822245864
2019-03-15,20.732359793223683
2019-03-16,22.116497133490135
2019-03-17,19.626370902092308
2019-03-18,18.324931237153347
2019-03-19,17.06573756281142
2019-03-20,13.576549025229244
2019-03-21,12.361291707054166
2019-03-22,14.813570527091317
2019-03-23,17.692572281100457
2019-03-24,17.277842539560385
2019-03-25,21.264623380003304
2019-03-26,21.791648977110196
2019-03-27,13.174877799854563
2019-03-28,15.928990690307618
2019-03-29,19.12042170876421
2019-03-30,18.449015638769733
2019-03-31,12.864713681902424
2019-04-01,14.282181788019157
2019-04-02,18.55974877959513
2019-04-03,18.66808870495486
2019-04-04,12.14641774452381
2019-04-05,11.941926245001582
2019-04-06,9.608252434215638
2019-04-07,12.980194159839511
2019-04-08,16.56036868476689
2019-04-09,15.20251572730485
2019-04-10,14.734316623390031
2019-04-11,14.488819432154287
2019-04-12,15.93870754061309
2019-04-13,17.53307998492801
2019-04-14,22.501870921641576
2019-04-15,25.22002951144813
2019-04-16,24.891303127745477
2019-04-17,26.23557624144575
2019-04-18,13.6389285921912
2019-04-19,13.62762610944484
2019-04-20,12.96978347550502
2019-04-21,12.223442648930968
2019-04-22,13.441113028697634
2019-04-23,13.55984708743026
2019-04-24,14.29452782106262
2019-04-25,18.677618911868343
2019-04-26,18.82109788076864
2019-04-27,22.770668322592396
2019-04-28,25.66616644710577
2019-04-29,25.60086384621865
2019-04-30,24.344938635062714
2019-05-01,24.624145595991656
2019-05-02,22.403893267251604
2019-05-03,17.73552014157241
2019-05-04,20.002624583270798
2019-05-05,22.259899631275456
2019-05-06,24.430535814945248
2019-05-07,25.882513009545146
2019-05-08,25.45928986105496
2019-05-09,24.580298032883395
2019-05-10,26.876265175896968
2019-05-11,28.37741126491966
2019-05-12,29.839475285815148
2019-05-13,30.319578971821215
2019-05-14,27.920127602001717
2019-05-15,29.61309433455407
2019-05-16,28.83848700242815
2019-05-17,22.91029150957083
2019-05-18,20.489938913462897
2019-05-19,18.91072485057911
2019-05-20,22.32921710935172
2019-05-21,22.888102296449226
2019-05-22,25.873931126812508
2019-05-23,28.0132313903652
2019-05-24,26.27230864240299
2019-05-25,23.568637958063718
2019-05-26,24.208926852413267
2019-05-27,26.746903243270825
2019-05-28,28.756386160197078
2019-05-29,29.06621158275397
2019-05-30,27.513950507998466
2019-05-31,29.280967587547316
2019-06-01,29.28564189327792
2019-06-02,30.144740260737024
2019-06-03,31.391120102616387
2019-06-04,30.207904255799914
2019-06-05,21.66968875417253
2019-06-06,24.540673408314913
2019-06-07,24.506521002794635
2019-06-08,27.15512725297014
2019-06-09,24.240833976230086
2019-06-10,22.035300415137115
2019-06-11,24.485749903919192
2019-06-12,27.549299270976768
2019-06-13,26.38651968723274
2019-06-14,21.628593469793266
2019-06-15,25.247917929110343
2019-06-16,25.874171598585935
2019-06-17,26.94589144774457
2019-06-18,27.80802545519094
2019-06-19,28.470555332951
2019-06-20,26.037271101476115
2019-06-21,26.02759921949123
2019-06-22,28.948002839062504
2019-06-23,29.18460566792344
2019-06-24,29.092420894467487
2019-06-25,30.041865740667934
2019-06-26,29.659836361740943
2019-06-27,29.873451354450353
2019-06-28,32.09620721231222
2019-06-29,32.503094624697205
2019-06-30,30.78177771893682
2019-07-01,29.93068205522534
2019-07-02,28.526331215065042
2019-07-03,27.605089871154025
2019-07-04,28.6735143262378
2019-07-05,31.516196542251024
2019-07-06,32.970059705699526
2019-07-07,30.318968252375388
2019-07-08,26.861867824938578
2019-07-09,26.988050146212643
2019-07-10,30.46565229201657
2019-07-11,33.26616356630181
2019-07-12,32.66750827469268
2019-07-13,32.62854471164279
2019-07-14,31.451152946169824
2019-07-15,31.046251738072616
2019-07-16,32.28332273568949
2019-07-17,29.257355960008873
2019-07-18,29.423789157395554
2019-07-19,32.91167606210398
2019-07-20,32.69412345560407
2019-07-21,32.4834219836489
2019-07-22,33.81721358193915
2019-07-23,33.813452857531686
2019-07-24,33.85710192560999
2019-07-25,33.44867734975949
2019-07-26,30.777151091021544
2019-07-27,27.79402599716577
2019-07-28,28.507459042615448
2019-07-29,29.069347947217217
2019-07-30,31.441488853183508
2019-07-31,32.2431134082224
2019-08-01,32.99808744198353
2019-08-02,31.57178403575746
2019-08-03,31.181061205199395
2019-08-04,31.47940922903867
2019-08-05,33.33644270782091
2019-08-06,35.4576059168562
2019-08-07,34.851074168724914
2019-08-08,34.89788074641127
2019-08-09,33.40629874616389
2019-08-10,33.235957497227446
2019-08-11,30.750178576643215
2019-08-12,29.97646680955336
2019-08-13,30.757016438456997
2019-08-14,32.3353239439645
2019-08-15,33.644589634116926
2019-08-16,32.75978310153197
2019-08-17,33.915331141915324
2019-08-18,32.4077231681702
2019-08-19,31.8301169679871
2019-08-20,30.45173118644
2019-08-21,31.862570378939573
2019-08-22,33.539710792017964
2019-08-23,35.337953304730995
2019-08-24,34.74318668495892
2019-08-25,33.43306832650125
2019-08-26,30.63510115372381
2019-08-27,28.792359743366536
2019-08-28,31.97049977738456
2019-08-29,29.23216556310345
2019-08-30,29.63992132889611
2019-08-31,29.168121239419005
2019-09-01,29.564827005203256
2019-09-02,29.800513994937592
2019-09-03,29.089275097284634
2019-09-04,28.693061904954533
2019-09-05,27.738945597591233
2019-09-06,28.048379532718887
2019-09-07,24.711624927053766
2019-09-08,22.25972225506423
2019-09-09,24.99025294623912
2019-09-10,23.99970086687171
2019-09-11,20.21944623739747
2019-09-12,20.155965430836307
2019-09-13,24.778754934848845
2019-09-14,28.523670458889708
2019-09-15,28.431495858729033
2019-09-16,28.26178279895314
2019-09-17,28.653675978833164
2019-09-18,26.717688430511274
2019-09-19,28.25724620452485
2019-09-20,28.750422247177116
2019-09-21,26.902277076200164
2019-09-22,26.22775274934645
2019-09-23,27.820780609091074
2019-09-24,29.953715530615654
2019-09-25,29.345247740112434
2019-09-26,31.002798346420295
2019-09-27,30.812513068737466
2019-09-28,31.417110232549327
2019-09-29,30.925143088801505
2019-09-30,31.58924610904492
2019-10-01,30.583126004448424
2019-10-02,24.719421911604982
2019-10-03,24.337779621104985
2019-10-04,26.611037113535197
2019-10-05,27.51641078200273
2019-10-06,27.426590318972465
2019-10-07,27.581373663029833
2019-10-08,28.25141279559295
2019-10-09,27.7910957303464
2019-10-10,27.175772175947372
2019-10-11,25.812445262079745
2019-10-12,26.50740158732241
2019-10-13,28.016141759062197
2019-10-14,22.398030842594057
2019-10-15,20.09245052467977
2019-10-16,22.11388660654125
2019-10-17,22.346932002299408
2019-10-18,24.098480432241534
2019-10-19,24.4866013786606
2019-10-20,17.77495344826583
2019-10-21,15.259353303884215
2019-10-22,12.58420453184859
2019-10-23,12.799831961077851
2019-10-24,16.58631885361442
2019-10-25,22.07651563124945
2019-10-26,23.387656087514348
2019-10-27,22.163344106152785
2019-10-28,17.766453866915768
2019-10-29,20.12910698540156
2019-10-30,20.153110909957523
2019-10-31,20.23762023590296
2019-11-01,19.284196176054223
2019-11-02,20.81515734522064
2019-11-03,18.345400239286324
2019-11-04,20.376689162067343
2019-11-05,14.948157060866714
2019-11-06,13.972481064423631
2019-11-07,16.053715289565396
2019-11-08,12.213432655610703
2019-11-09,13.301557526066786
2019-11-10,11.25737973825061
2019-11-11,10.593512362638398
2019-11-12,14.03757602069958
2019-11-13,15.227310786773094
2019-11-14,15.876252725329127
2019-11-15,8.29484434120293
2019-11-16,6.511927438506584
2019-11-17,10.822831938292707
2019-11-18,9.785467989153883
2019-11-19,10.535499957425674
2019-11-20,12.896258464104061
2019-11-21,12.707647297662657
2019-11-22,13.63309755411791
2019-11-23,12.771682021557508
2019-11-24,12.942223302542128
2019-11-25,16.26298562535738
2019-11-26,18.441895609765744
2019-11-27,17.322066476397445
2019-11-28,17.032560798317622
2019-11-29,18.165948786001053
2019-11-30,18.154932497932982
2019-12-01,14.649643640991775
2019-12-02,10.240197138519815
2019-12-03,7.1306823348179
2019-12-04,9.790145757021543
2019-12-05,12.340214216893408
2019-12-06,13.287373173973366
2019-12-07,12.141335259487493
2019-12-08,11.781960173985656
2019-12-09,13.359532575260646
2019-12-10,13.869282725474966
2019-12-11,13.945264922479115
2019-12-12,11.535549697374694
2019-12-13,12.190764933050223
2019-12-14,15.774295878490072
2019-12-15,17.37801730378392
2019-12-16,16.103041507922274
2019-12-17,6.355534296371467
2019-12-18,10.229967067124427
2019-12-19,14.186915109170709
2019-12-20,14.87654634847695
2019-12-21,15.653626356972618
2019-12-22,16.703667454377364
2019-12-23,18.581838174155667
2019-12-24,19.379902598004044
2019-12-25,19.20703854417243
2019-12-26,17.77271585464313
2019-12-27,16.911790167829448
2019-12-28,16.561140255365967
2019-12-29,15.637315790311233
2019-12-30,13.542800502322274
2020-01-01,15.02948777776618
2020-01-02,14.804716450726225
2020-01-03,14.151595736186142
2020-01-04,12.62544676558122
2020-01-05,12.271203308892643
2020-01-06,11.500592570955382
2020-01-07,11.54017371030694
2020-01-08,13.438831026898248
2020-01-09,11.658282225762116
2020-01-10,11.30723261661954
2020-01-11,8.76663399187121
2020-01-12,10.813927667549518
2020-01-13,12.456379972353295
2020-01-14,13.00633416424665
2020-01-15,12.780120363893744
2020-01-16,13.031814496241623
2020-01-17,13.476172477299148
2020-01-18,15.37852944818773
2020-01-19,8.897148461885134
2020-01-20,5.891152234459446
2020-01-21,8.591516123979797
2020-01-22,8.30750506284067
2020-01-23,10.835628081821113
2020-01-24,11.787399302781719
2020-01-25,11.558948222397868
2020-01-26,10.275638775624898
2020-01-27,12.429387462879086
2020-01-28,14.482181945803235
2020-01-29,16.333903127167122
2020-01-30,17.449518397603132
2020-01-31,16.626491764920203
2020-02-01,16.589611119722786
2020-02-02,18.612096974495497
2020-02-03,19.871969636266495
2020-02-04,20.68368499749036
2020-02-05,19.802423137981208
2020-02-06,19.136193560260736
2020-02-07,16.964886414625134
2020-02-08,14.236461592872685
2020-02-09,15.11200183584244
2020-02-10,16.462536397528872
2020-02-11,19.367580859106653
2020-02-12,18.120269893460588
2020-02-13,16.0986420952525
2020-02-14,18.291129521925267
2020-02-15,19.293448049404155
2020-02-16,20.15311149400845
2020-02-17,19.279909499740505
2020-02-18,18.024351558283392
2020-02-19,15.46207416487085
2020-02-20,17.744565442134732
2020-02-21,16.88963906470658
2020-02-22,17.41344989073873
2020-02-23,18.918311142555627
2020-02-24,20.73472475021509
2020-02-25,15.890088740662964
2020-02-26,15.998541367406013
2020-02-27,18.891748050171138
2020-02-28,22.266586722743643
2020-02-29,19.927220731678
2020-03-01,17.20743967278489
2020-03-02,17.129219691002913
2020-03-03,18.068024686727153
2020-03-04,21.60029501107778
2020-03-05,19.657531288965288
2020-03-06,13.200175035292828
2020-03-07,15.086222115835579
2020-03-08,18.283402656432937
2020-03-09,19.015974333622285
2020-03-10,20.52108266782933
2020-03-11,23.374595198408183
2020-03-12,23.148936745357844
2020-03-13,19.942092023019967
2020-03-14,20.017783705464566
2020-03-15,18.486875958431835
2020-03-16,13.957898938869429
2020-03-17,11.951791397519997
2020-03-18,18.83758735544266
2020-03-19,17.166805224354484
2020-03-20,11.860283557378812
2020-03-21,10.734053481130635
2020-03-22,12.296841720807622
2020-03-23,13.549646519107414
2020-03-24,11.902744933445183
2020-03-25,11.047637980776548
2020-03-26,15.084947059192489
2020-03-27,14.813830461048756
2020-03-28,13.190908958682012
2020-03-29,13.947052985407463
2020-03-30,16.91166851953733
2020-03-31,15.601177094934684
2020-04-01,13.630737450053372
2020-04-02,11.26979530788973
2020-04-03,15.17634713328227
2020-04-04,18.74049529043841
2020-04-05,20.344666549267647
2020-04-06,19.979920227375406
2020-04-07,21.282236402626967
2020-04-08,22.79226533578
2020-04-09,18.941832265164663
2020-04-10,18.23419982264104
2020-04-11,20.37557161963865
2020-04-12,20.083646096351636
2020-04-13,15.58323547678868
2020-04-14,15.935771668458862
2020-04-15,18.19985274473622
2020-04-16,21.860173239579083
2020-04-17,20.88302806656078
2020-04-18,20.21382926393324
2020-04-19,13.47168330442936
2020-04-20,15.290958445197708
2020-04-21,12.32417387857044
2020-04-22,16.347932153802798
2020-04-23,21.04830545053792
2020-04-24,22.325011832166958
2020-04-25,14.591729939364733
2020-04-26,16.003381722297366
2020-04-27,18.46075490152952
2020-04-28,17.969789876674742
2020-04-29,17.740008649452914
2020-04-30,20.804369196090462
2020-05-01,22.614094410227654
2020-05-02,26.756542799237266
2020-05-03,30.534223376145757
2020-05-04,28.63867676757451
2020-05-05,27.414379111410337
2020-05-06,26.36162372135993
2020-05-07,26.938699219284594
2020-05-08,25.667652132768676
2020-05-09,21.943249459109637
2020-05-10,17.8760809845103
2020-05-11,21.335007537138885
2020-05-12,15.632941406484289
2020-05-13,18.185940704023828
2020-05-14,15.40957287819296
2020-05-15,12.781844532723444
2020-05-16,14.040237697111715
2020-05-17,17.02064268261922
2020-05-18,20.47172133677795
2020-05-19,24.68204209215782
2020-05-20,26.449694847247233
2020-05-21,26.165145156397866
2020-05-22,27.856970289277175
2020-05-23,28.489637928347964
2020-05-24,28.46048169587669
2020-05-25,28.67317017926178
2020-05-26,29.72054567387671
2020-05-27,29.999753334187698
2020-05-28,29.378964332153352
2020-05-29,29.089653944446734
2020-05-30,29.12065850254986
2020-05-31,25.617743925894786
2020-06-01,26.616330792270276
2020-06-02,27.850514349230224
2020-06-03,27.29982096776092
2020-06-04,24.031528023944738
2020-06-05,25.383778189524758
2020-06-06,26.9972454432474
2020-06-07,21.410785795126703
2020-06-08,20.404978837137612
2020-06-09,21.492918822343505
2020-06-10,23.632038155843343
2020-06-11,22.54020381490021
2020-06-12,22.309137454893733
2020-06-13,21.859952525260347
2020-06-14,23.13502445511725
2020-06-15,26.168772173677176
2020-06-16,25.22163513329601
2020-06-17,24.87431891395902
2020-06-18,24.812743524392676
2020-06-19,23.617275002849794
2020-06-20,28.97407242363133
2020-06-21,30.300752089304975
2020-06-22,33.73790898965097
2020-06-23,33.25866788931215
2020-06-24,31.362275758882483
2020-06-25,29.718607916453266
2020-06-26,27.72578533384744
2020-06-27,28.858894911675208
2020-06-28,30.96529752676288
2020-06-29,33.83946232084758
2020-06-30,34.593628677446624
2020-07-01,35.08587828084117
2020-07-02,34.340353833306324
2020-07-03,31.77715608322501
2020-07-04,32.699293135475166
2020-07-05,35.61595490421815
2020-07-06,35.17951807659497
2020-07-07,35.63087168677341
2020-07-08,35.699236978441014
2020-07-09,31.415197538565273
2020-07-10,32.05468459282217
2020-07-11,35.41207528590964
2020-07-12,34.49440963335349
2020-07-13,32.70977223402535
2020-07-14,32.154604573694826
2020-07-15,33.33930991774836
2020-07-16,35.75760218532888
2020-07-17,34.58475111017532
2020-07-18,33.052790538307384
2020-07-19,33.01708583090658
2020-07-20,35.2599447758576
2020-07-21,34.08215373897088
2020-07-22,33.03924820311431
2020-07-23,32.60439800922391
2020-07-24,32.27780299592172
2020-07-25,34.37209740883135
2020-07-26,35.35969479158916
2020-07-27,35.94213933021751
2020-07-28,34.6165896368128
2020-07-29,33.86599965693323
2020-07-30,35.94448143239933
2020-07-31,36.04617497680558
2020-08-01,35.37866005901746
2020-08-02,34.476022297596415
2020-08-03,31.753291300565117
2020-08-04,30.74819350694811
2020-08-05,33.854688188484204
2020-08-06,34.701934047540234
2020-08-07,33.5587033785682
2020-08-08,33.70010496328792
2020-08-09,34.25600535183221
2020-08-10,33.21852766971217
2020-08-11,30.811294891742723
2020-08-12,29.84969941494935
2020-08-13,31.917721226479436
2020-08-14,31.483541416883234
2020-08-15,29.460089119542516
2020-08-16,28.570104465646804
2020-08-17,29.562828181867626
2020-08-18,32.02969202836595
2020-08-19,33.797854571099975
2020-08-20,34.586475461028996
2020-08-21,34.6341450440166
2020-08-22,34.99536613423621
2020-08-23,33.869040478357775
2020-08-24,33.43079944262875
2020-08-25,35.3789843317239
2020-08-26,36.01901756653427
2020-08-27,35.54744043624125
2020-08-28,31.236311640331465
2020-08-29,27.169332434525593
2020-08-30,28.887874712084642
2020-08-31,31.16497281991499
2020-09-01,31.14382857833135
2020-09-02,27.327869480233883
2020-09-03,29.38030587546311
2020-09-04,32.43374145469047
2020-09-05,32.501089578755185
2020-09-06,30.888785174648024
2020-09-07,30.825519508813542
2020-09-08,29.443118887482765
2020-09-09,29.66756795493012
2020-09-10,29.2643468176248
2020-09-11,30.26480820659291
2020-09-12,31.125919143725792
2020-09-13,30.02603597730996
2020-09-14,29.587295667353313
2020-09-15,28.263844671091235
2020-09-16,29.449721533653502
2020-09-17,28.561742767949582
2020-09-18,27.053096196200013
2020-09-19,26.52655320217622
2020-09-20,26.784357955557414
2020-09-21,27.680013349790286
2020-09-22,27.404506863176834
2020-09-23,27.50136383363353
2020-09-24,31.12175817151815
2020-09-25,28.6818794298174
2020-09-26,24.78830735668054
2020-09-27,24.023936651079126
2020-09-28,27.10646525706061
2020-09-29,31.547120823644736
2020-09-30,28.88973833472183
2020-10-01,25.297317314581697
2020-10-02,22.43616871599155
2020-10-03,17.1391442069079
2020-10-04,22.765136293597095
2020-10-05,21.893054925344163
2020-10-06,24.437992974756074
2020-10-07,26.863882290653972
2020-10-08,27.598761852816168
2020-10-09,27.836532555362492
2020-10-10,27.425378303265703
2020-10-11,26.28442885782839
2020-10-12,23.993390479848614
2020-10-13,24.82055463344656
2020-10-14,21.625414101094137
2020-10-15,19.105791185390192
2020-10-16,18.827068997164734
2020-10-17,20.363059158744658
2020-10-18,24.34776789579852
2020-10-19,25.237902433100253
2020-10-20,26.07516097649137
2020-10-21,21.858760925855098
2020-10-22,15.478310854913818
2020-10-23,16.050815471801666
2020-10-24,17.602400818090285
2020-10-25,19.724080766676916
2020-10-26,16.275161162356582
2020-10-27,16.741524684610834
2020-10-28,19.46997467723461
2020-10-29,21.629150383489502
2020-10-30,22.73378860413553
2020-10-31,22.076529496132686
2020-11-01,21.512597340327922
2020-11-02,21.48893771136028
2020-11-03,20.10089383712097
2020-11-04,19.076056262041842
2020-11-05,19.070468605337222
2020-11-06,24.004403680749807
2020-11-07,18.93745585039047
2020-11-08,20.83611132790251
2020-11-09,19.060072444148478
2020-11-10,18.368744824982826
2020-11-11,20.283710559768696
2020-11-12,20.57899196926586
2020-11-13,19.364846124003893
2020-11-14,18.76570873511636
2020-11-15,21.338080159559446
2020-11-16,22.848927481991876
2020-11-17,22.19208799189139
2020-11-18,20.307430791386476
2020-11-19,19.391179106708243
2020-11-20,19.075710597785147
2020-11-21,17.786196353159667
2020-11-22,16.679292371957366
2020-11-23,17.16113655150394
2020-11-24,17.972238975502123
2020-11-25,16.71379288460978
2020-11-26,8.584685857479757
2020-11-27,8.329310666517548
2020-11-28,9.693339025028653
2020-11-29,14.234196485212879
2020-11-30,14.986232752974104
2020-12-01,15.2514879457906
2020-12-02,15.864091810646874
2020-12-03,14.977296260150634
2020-12-04,12.31190811249181
2020-12-05,5.530844765913158
2020-12-06,6.922433469714353
2020-12-07,10.34004871331676
2020-12-08,11.469247173975724
2020-12-09,11.17473661560594
2020-12-10,12.98247187305192
2020-12-11,13.532556915317869
2020-12-12,14.838831561147343
2020-12-13,17.905717299855013
2020-12-14,15.671196400352777
2020-12-15,14.76789550176943
2020-12-16,15.636413777375486
2020-12-17,9.462764160021853
2020-12-18,11.542614840677578
2020-12-19,11.914458314081829
2020-12-20,12.19513792594427
2020-12-21,13.557154659863512
2020-12-22,15.496100694056427
2020-12-23,15.168837405172965
2020-12-24,13.994416105379255
2020-12-25,12.638886078900768
2020-12-26,11.395719092671813
2020-12-27,12.960239128979126
2020-12-28,11.643735770219081
2020-12-29,8.357888490216506
2020-12-30,8.823961716342737
2021-01-01,7.364451247973677
2021-01-02,5.855826331601827
2021-01-03,6.361675293487008
2021-01-04,8.224314099549973
2021-01-05,7.426489347933394
2021-01-06,11.459988887637302
2021-01-07,14.507880625294467
2021-01-08,15.74455119039229
2021-01-09,7.369626336123433
2021-01-10,5.896462505459732
2021-01-11,4.046459555928387
2021-01-12,6.820809637189321
2021-01-13,8.193726200547164
2021-01-14,8.23490931335112
2021-01-15,9.297936599121638
2021-01-16,10.375988389410022
2021-01-17,12.38297561607553
2021-01-18,12.564941185924967
2021-01-19,13.436404950208471
2021-01-20,13.385906820103111
2021-01-21,12.249264823961987
2021-01-22,13.432797442924953
2021-01-23,12.628338687984016
2021-01-24,13.145059532874647
2021-01-25,13.578851109584853
2021-01-26,14.595422151135237
2021-01-27,17.07065883582487
2021-01-28,18.531621356641065
2021-01-29,18.791654179661542
2021-01-30,15.792058865560527
2021-01-31,12.512577165896381
2021-02-01,15.448748717052167
2021-02-02,18.941896751827425
2021-02-03,19.175765791216254
2021-02-04,19.528487201727195
2021-02-05,14.76500430429093
2021-02-06,9.292986713719468
2021-02-07,7.845665115390609
2021-02-08,12.24483764145781
2021-02-09,14.138887144397541
2021-02-10,14.930649950310332
2021-02-11,17.92462128032573
2021-02-12,15.38834425853911
2021-02-13,15.875283889327068
2021-02-14,17.297267713248292
2021-02-15,16.905835952092225
2021-02-16,18.124568841692273
2021-02-17,17.70974703500137
2021-02-18,16.727734718677816
2021-02-19,17.70933820667475
2021-02-20,19.001803420187517
2021-02-21,10.164150201265272
2021-02-22,9.779410532613198
2021-02-23,11.744933465984516
2021-02-24,13.995186123977284
2021-02-25,15.643141440275222
2021-02-26,14.003241637153762
2021-02-27,12.744625818085058
2021-02-28,13.808644233916901
2021-03-01,12.711778066750407
2021-03-02,12.354070104519028
2021-03-03,12.824993923918306
2021-03-04,14.417115123304532
2021-03-05,11.521588082453032
2021-03-06,13.237683980178685
2021-03-07,11.84619715441836
2021-03-08,11.631238154509964
2021-03-09,9.711255760862674
2021-03-10,11.021875345844732
2021-03-11,14.051799364896619
2021-03-12,16.17934590804304
2021-03-13,15.917121943269008
2021-03-14,17.472309894051925
2021-03-15,18.587842885099946
2021-03-16,17.675719337096172
2021-03-17,17.670373827585482
2021-03-18,15.22752240624784
2021-03-19,11.709535802864213
2021-03-20,6.642755532408403
2021-03-21,8.301741771992397
2021-03-22,12.084415809622453
2021-03-23,15.121812530057523
2021-03-24,16.820887727948723
2021-03-25,17.95970717093582
2021-03-26,19.248591266917643
2021-03-27,20.3670342890579
2021-03-28,16.935945079381536
2021-03-29,21.77699058562631
2021-03-30,22.5790681554167
2021-03-31,24.778276385755788
2021-04-01,22.750654198828123
2021-04-02,18.392788968976433
2021-04-03,17.538934062015663
2021-04-04,15.934402151286495
2021-04-05,18.916959016851504
2021-04-06,22.00219327821164
2021-04-07,20.448900264619592
2021-04-08,19.626506057850733
2021-04-09,20.04662357329824
2021-04-10,17.69620366304447
2021-04-11,18.423422999417074
2021-04-12,21.102255381312816
2021-04-13,23.082121791630907
2021-04-14,18.177222020532657
2021-04-15,13.749280821275784
2021-04-16,14.040629749463394
2021-04-17,16.032610858243842
2021-04-18,18.406916705622933
2021-04-19,19.926355739693392
2021-04-20,19.201322061117178
2021-04-21,18.949702573035456
2021-04-22,19.537836431958677
2021-04-23,22.67536697268824
2021-04-24,22.917027946643913
2021-04-25,18.573288087842442
2021-04-26,18.463024942500073
2021-04-27,18.3328664152926
2021-04-28,17.391599701333398
2021-04-29,18.03248010160378
2021-04-30,13.72624355704251
2021-05-01,14.692515401135916
2021-05-02,17.86145114964164
2021-05-03,18.70318729352788
2021-05-04,20.371596287304712
2021-05-05,20.612582935642077
2021-05-06,21.285809705547567
2021-05-07,24.447304504982
2021-05-08,27.626969673043178
2021-05-09,21.275973048549165
2021-05-10,17.43253277358416
2021-05-11,18.101456242203927
2021-05-12,21.93551099827634
2021-05-13,22.76440471977154
2021-05-14,23.528219177598054
2021-05-15,29.191851972346345
2021-05-16,30.31680547257701
2021-05-17,26.561247443308638
2021-05-18,27.499825643692265
2021-05-19,29.713263539299792
2021-05-20,29.354390443234415
2021-05-21,31.053977962323057
2021-05-22,29.46889893429816
2021-05-23,20.327231995027905
2021-05-24,21.674837231817104
2021-05-25,26.67188743589598
2021-05-26,26.479863035306963
2021-05-27,19.29899088781863
2021-05-28,26.13538356112167
2021-05-29,27.49615582367491
2021-05-30,29.808993432681387
2021-05-31,25.43917812441934
2021-06-01,25.112266092384882
2021-06-02,26.80009419440512
2021-06-03,26.695294702900735
2021-06-04,25.93289779386767
2021-06-05,22.57035554388451
2021-06-06,26.665585877611495
2021-06-07,30.045605465062877
2021-06-08,28.50690725007313
2021-06-09,31.15215422364981
2021-06-10,32.05664071795494
2021-06-11,31.090307511854217
2021-06-12,27.457806890951154
2021-06-13,27.625688555439723
2021-06-14,27.58757407599665
2021-06-15,28.077178040345107
2021-06-16,25.429438686116455
2021-06-17,22.784053661982476
2021-06-18,20.717828753479083
2021-06-19,18.265707436954234
2021-06-20,22.93107815753275
2021-06-21,24.821634248012618
2021-06-22,23.35194178754724
2021-06-23,24.902199153634445
2021-06-24,28.491106103980197
2021-06-25,29.46523588797188
2021-06-26,28.942717332902657
2021-06-27,28.940630986525182
2021-06-28,27.483336594009117
2021-06-29,28.23177992184624
2021-06-30,30.508069236395187
2021-07-01,32.99239295083331
2021-07-02,34.46859422679085
2021-07-03,33.49641460062603
2021-07-04,32.58802093035159
2021-07-05,34.77636491280863
2021-07-06,31.987282666168962
2021-07-07,28.005756329061118
2021-07-08,30.337749454643102
2021-07-09,36.03596780792056
2021-07-10,38.721285225698956
2021-07-11,38.365051283447436
2021-07-12,34.361047598926525
2021-07-13,29.93909776916644
2021-07-14,30.612002805842334
2021-07-15,32.53293738642121
2021-07-16,35.55584125593743
2021-07-17,34.77639242412463
2021-07-18,31.392988215577752
2021-07-19,30.643537738331496
2021-07-20,31.18938950596105
2021-07-21,34.336645248937074
2021-07-22,36.90930055397463
2021-07-23,37.47147944101394
2021-07-24,35.006628681433654
2021-07-25,32.161508596998694
2021-07-26,27.863004525523902
2021-07-27,31.707565395570153
2021-07-28,35.272549457565226
2021-07-29,36.641852938186794
2021-07-30,35.75175942507915
2021-07-31,30.851050859789208
2021-08-01,28.279090177921113
2021-08-02,27.65035122991544
2021-08-03,28.772123480798502
2021-08-04,30.495216902127854
2021-08-05,32.39714190043119
2021-08-06,33.1578545064212
2021-08-07,29.83377964663777
2021-08-08,29.45684379705294
2021-08-09,31.150341238299156
2021-08-10,33.96225927040934
2021-08-11,34.11836540564105
2021-08-12,35.58042722604706
2021-08-13,38.68652490825642
2021-08-14,38.86762572678003
2021-08-15,37.89091331657702
2021-08-16,36.509908766601775
2021-08-17,33.298429758882456
2021-08-18,32.05355262359999
2021-08-19,31.857142153832434
2021-08-20,32.71086190199636
2021-08-21,31.593524364275396
2021-08-22,30.76481276289421
2021-08-23,34.334075858748605
2021-08-24,31.782796788216576
2021-08-25,30.395060855007085
2021-08-26,32.37070506117204
2021-08-27,31.920921617186966
2021-08-28,28.609841081510215
2021-08-29,27.926724269989933
2021-08-30,28.09094828747425
2021-08-31,29.334055715257623
2021-09-01,26.92622045068955
2021-09-02,27.446640010916603
2021-09-03,28.93355002758615
2021-09-04,31.119075290878097
2021-09-05,33.1427954703173
2021-09-06,34.37607137245462
2021-09-07,34.13620562280371
2021-09-08,32.12444960540391
2021-09-09,27.30131103711651
2021-09-10,27.207338191870782
2021-09-11,31.309813907840258
2021-09-12,33.058725932952875
2021-09-13,29.282819020361153
2021-09-14,24.03766963463179
2021-09-15,21.95226680219974
2021-09-16,23.989345835204084
2021-09-17,24.721230703630837
2021-09-18,25.941210088496344
2021-09-19,26.821572587054042
2021-09-20,26.156153185192824
2021-09-21,25.99083013468128
2021-09-22,24.03916739783235
2021-09-23,23.32225726305626
2021-09-24,27.572442705866653
2021-09-25,25.598530447036975
2021-09-26,27.494412732339313
2021-09-27,28.627624656963953
2021-09-28,27.403030866720457
2021-09-29,28.324127601212307
2021-09-30,30.80659555774854
2021-10-01,30.106067249670776
2021-10-02,27.26804780905321
2021-10-03,24.220030419622244
2021-10-04,22.28786193377604
2021-10-05,25.56271117294057
2021-10-06,27.90688285967337
2021-10-07,28.20189109962577
2021-10-08,25.853414291630077
2021-10-09,25.388266399516723
2021-10-10,26.169983671330975
2021-10-11,27.352121692336414
2021-10-12,26.62643869429752
2021-10-13,23.677621733724273
2021-10-14,24.24451332702025
2021-10-15,25.508218042479033
2021-10-16,24.287601020637066
2021-10-17,24.95030371778802
2021-10-18,25.785902756763278
2021-10-19,25.873525730192934
2021-10-20,25.69119791474992
2021-10-21,23.713705515022323
2021-10-22,20.58429439475213
2021-10-23,19.2467023622305
2021-10-24,21.836764526908162
2021-10-25,21.017218276586508
2021-10-26,20.221533234604657
2021-10-27,19.796939791310553
2021-10-28,20.67943632663831
2021-10-29,21.031119066654288
2021-10-30,23.05957045788504
2021-10-31,23.63860366698699
2021-11-01,22.709975093425026
2021-11-02,22.669197278041402
2021-11-03,16.72807253604524
2021-11-04,13.230617637501828
2021-11-05,11.961750631836342
2021-11-06,11.54076095279008
2021-11-07,12.799400493279254
2021-11-08,13.732834595856106
2021-11-09,15.01722494791435
2021-11-10,16.305493950752822
2021-11-11,17.169857619245214
2021-11-12,15.933025147791682
2021-11-13,17.11559036649562
2021-11-14,17.94375403326517
2021-11-15,16.619410619517218
2021-11-16,15.922311529451507
2021-11-17,15.299389013141237
2021-11-18,16.83281092759984
2021-11-19,15.25262129818104
2021-11-20,15.60395695332232
2021-11-21,14.926180178870206
2021-11-22,13.896315721764948
2021-11-23,11.557279480892097
2021-11-24,10.477113869140428
2021-11-25,10.904432049648332
2021-11-26,9.051636019822855
2021-11-27,9.47438562261055
2021-11-28,8.017637375575635
2021-11-29,10.678600933829829
2021-11-30,12.726029820201099
2021-12-01,13.247129080868579
2021-12-02,6.762344769089732
2021-12-03,8.906102842002106
2021-12-04,12.15490229247355
2021-12-05,11.720018939128964
2021-12-06,11.45577578947379
2021-12-07,15.291984928728635
2021-12-08,12.40195784193786
2021-12-09,10.893322779913431
2021-12-10,12.843586762349418
2021-12-11,13.397772256702131
2021-12-12,16.339044332645027
2021-12-13,15.283640627013803
2021-12-14,13.675757256694153
2021-12-15,13.57143678047524
2021-12-16,12.162055533445926
2021-12-17,13.106044948572801
2021-12-18,13.53572223571881
2021-12-19,16.486919057940124
2021-12-20,16.756246177660522
2021-12-21,17.557863563233717
2021-12-22,14.220893325342526
2021-12-23,13.939740233561217
2021-12-24,15.587876774434601
2021-12-25,10.013302699694133
2021-12-26,14.01229704864295
2021-12-27,15.917543920192935
2021-12-28,15.93193063592322
2021-12-29,17.94030646338114
2021-12-30,18.8657641616873
2022-01-01,17.770116708366405
2022-01-02,16.7960871207328
2022-01-03,17.036821344737167
2022-01-04,16.132556993755436
2022-01-05,9.839366016198595
2022-01-06,8.311873557296984
2022-01-07,10.610079130534517
2022-01-08,12.467436275279404
2022-01-09,13.840463516217653
2022-01-10,14.62477032322087
2022-01-11,14.079113094930415
2022-01-12,12.368088948413604
2022-01-13,11.45157873402744
2022-01-14,12.302634244013936
2022-01-15,12.582615007403518
2022-01-16,12.683036616464845
2022-01-17,13.482582057691435
2022-01-18,13.362590477628972
2022-01-19,12.866079861016997
2022-01-20,12.776439734146036
2022-01-21,12.124367279795523
2022-01-22,14.463997811317974
2022-01-23,15.682526028028004
2022-01-24,12.905422368800627
2022-01-25,11.27454498706355
2022-01-26,10.82775423002636
2022-01-27,11.933449545505097
2022-01-28,12.295429693864584
2022-01-29,14.819604448075205
2022-01-30,16.60690660556079
2022-01-31,17.82371529581733
2022-02-01,15.634156111257909
2022-02-02,17.330324404228765
2022-02-03,19.582136522875953
2022-02-04,17.299798150438328
2022-02-05,15.609158639214504
2022-02-06,15.453568071205343
2022-02-07,16.075891052557242
2022-02-08,17.16292127718076
2022-02-09,17.061094161387075
2022-02-10,16.43870981562664
2022-02-11,12.976006424466792
2022-02-12,11.942217377208305
2022-02-13,13.49446409305356
2022-02-14,13.587526567963724
2022-02-15,12.91585527448756
2022-02-16,15.607150558631115
2022-02-17,16.514855723848022
2022-02-18,18.519308940457368
2022-02-19,13.72062267459798
2022-02-20,15.496269883481578
2022-02-21,18.068074743877865
2022-02-22,20.061038599761215
2022-02-23,22.036778680240033
2022-02-24,21.30831063744381
2022-02-25,19.247716323516233
2022-02-26,20.028010930906945
2022-02-27,14.67807464410142
2022-02-28,13.04135438817941
2022-03-01,14.826606414906438
2022-03-02,16.32113521246341
2022-03-03,15.037629570615652
2022-03-04,8.979611469171799
2022-03-05,10.583410530221975
2022-03-06,8.116446961517081
2022-03-07,10.383693065585465
2022-03-08,12.676369606353981
2022-03-09,16.907305202472806
2022-03-10,15.976616673388415
2022-03-11,17.62318265829474
2022-03-12,14.217048278465544
2022-03-13,15.976871848135872
2022-03-14,14.127269508988197
2022-03-15,8.793621318085123
2022-03-16,10.658855074446798
2022-03-17,11.139824294685997
2022-03-18,12.766455728527154
2022-03-19,14.55014389757573
2022-03-20,17.857392944668458
2022-03-21,15.625426750193315
2022-03-22,17.23575721846752
2022-03-23,16.133215063124442
2022-03-24,11.143711960493254
2022-03-25,10.720637756281079
2022-03-26,13.874788977245851
2022-03-27,18.49493539209139
2022-03-28,21.769234361878894
2022-03-29,16.149548312883354
2022-03-30,12.507309504839046
2022-03-31,12.952624125913218
2022-04-01,14.5560997660015
2022-04-02,16.683898749190824
2022-04-03,15.21082458290088
2022-04-04,10.876271162721645
2022-04-05,11.159970379217976
2022-04-06,11.82161104655838
2022-04-07,15.653440238934829
2022-04-08,18.150570914959143
2022-04-09,19.53737736691657
2022-04-10,24.632395669398893
2022-04-11,22.750319755558404
2022-04-12,13.861800745880714
2022-04-13,13.35173357003619
2022-04-14,15.438730467773066
2022-04-15,17.230489133940008
2022-04-16,20.52241389902317
2022-04-17,23.75482382756261
2022-04-18,24.04122219365139
2022-04-19,19.477921795879574
2022-04-20,12.31845491127634
2022-04-21,13.420911639232733
2022-04-22,18.729198515718853
2022-04-23,14.359014392989994
2022-04-24,16.72591530115014
2022-04-25,19.411611994893498
2022-04-26,17.42330956613525
2022-04-27,16.087827533932312
2022-04-28,15.83397162764122
2022-04-29,16.288693083062252
2022-04-30,18.724271325276227
2022-05-01,21.876948791944287
2022-05-02,20.306872263773922
2022-05-03,15.814573757594633
2022-05-04,13.762672218454457
2022-05-05,17.691574699139238
2022-05-06,22.213222767098596
2022-05-07,23.36997000283956
2022-05-08,25.247057562159227
2022-05-09,26.615858239611978
2022-05-10,25.847874894816222
2022-05-11,28.49630274195225
2022-05-12,28.07937661525246
2022-05-13,28.416203950036333
2022-05-14,29.31605146573214
2022-05-15,26.308967662893426
2022-05-16,27.859791392145457
2022-05-17,29.930136052902373
2022-05-18,31.772179497866134
2022-05-19,33.604218454922794
2022-05-20,34.6039785203897
2022-05-21,32.776394676645516
2022-05-22,28.709555979954793
2022-05-23,29.262928034658596
2022-05-24,25.34485130437525
2022-05-25,23.40494597215575
2022-05-26,26.705471076859414
2022-05-27,30.782418684678753
2022-05-28,30.0055993710064
2022-05-29,26.726534915665273
2022-05-30,25.520311059200772
2022-05-31,28.755302652687632
2022-06-01,27.79572113392888
2022-06-02,25.041169127022215
2022-06-03,24.550742297498157
2022-06-04,24.86372281334616
2022-06-05,27.24551845931728
2022-06-06,30.40279164845767
2022-06-07,31.16035986571946
2022-06-08,29.751834848889807
2022-06-09,31.66696319589676
2022-06-10,33.827294750516344
2022-06-11,35.980921902308324
2022-06-12,35.20332557422225
2022-06-13,34.17361197452654
2022-06-14,35.33668710248845
2022-06-15,34.86851521511768
2022-06-16,33.856643804529845
2022-06-17,34.185068577279516
2022-06-18,33.74199051420989
2022-06-19,31.70966542487247
2022-06-20,30.144792680005633
2022-06-21,28.252011498955298
2022-06-22,23.22547294105312
2022-06-23,25.61679101204676
2022-06-24,23.979486631457636
2022-06-25,25.567255137443535
2022-06-26,25.97543967313615
2022-06-27,25.105528688716536
2022-06-28,28.853727256075793
2022-06-29,28.174886696614617
2022-06-30,27.457635720544385
2022-07-01,31.113440877515934
2022-07-02,32.33248711637117
2022-07-03,31.394371747214954
2022-07-04,33.34034446989547
2022-07-05,32.810253663333796
2022-07-06,32.07381936621852
2022-07-07,34.12274085906588
2022-07-08,33.957045990495644
2022-07-09,33.78661936337904
2022-07-10,33.8443692612437
2022-07-11,34.67627087296643
2022-07-12,35.71073624180597
2022-07-13,35.66254797655688
2022-07-14,33.99559300287382
2022-07-15,34.34505321041512
2022-07-16,33.87263664878527
2022-07-17,35.070797902162326
2022-07-18,34.37416556428744
2022-07-19,33.59706503685383
2022-07-20,34.66168753996706
2022-07-21,35.1656331130732
2022-07-22,35.36258382294785
2022-07-23,36.147191102582795
2022-07-24,36.72968905873202
2022-07-25,36.605735540967
2022-07-26,34.686214961727266
2022-07-27,31.767143919445036
2022-07-28,32.70062720071373
2022-07-29,34.542849359968024
2022-07-30,35.953666220397814
2022-07-31,37.1241699182665
2022-08-01,36.47199473441085
2022-08-02,36.37413394485119
2022-08-03,35.302286684406845
2022-08-04,34.00443761749903
2022-08-05,33.41677942160741
2022-08-06,33.76680907171613
2022-08-07,31.673939730850726
2022-08-08,30.27573808131902
2022-08-09,32.04203192616391
2022-08-10,32.89355645571237
2022-08-11,33.332271310044646
2022-08-12,36.40758157785912
2022-08-13,36.37927451546602
2022-08-14,34.116608833995
2022-08-15,29.115331395071173
2022-08-16,29.201239626036596
2022-08-17,27.26749013866773
2022-08-18,30.114076916837437
2022-08-19,34.023360538508236
2022-08-20,35.25279296126177
2022-08-21,35.20335190188068
2022-08-22,33.63991255464537
2022-08-23,33.84333877260314
2022-08-24,32.46138179312681
2022-08-25,32.03080496929643
2022-08-26,31.84422352915549
2022-08-27,30.903887472794484
2022-08-28,32.967141166864124
2022-08-29,31.51910916771141
2022-08-30,32.11893358985146
2022-08-31,31.302490058989576
2022-09-01,32.234295951145434
2022-09-02,31.02046056563064
2022-09-03,29.064077985300134
2022-09-04,28.272981022488768
2022-09-05,28.05252281952691
2022-09-06,28.555419746392236
2022-09-07,29.256864564732844
2022-09-08,30.208986522643325
2022-09-09,31.47507161813116
2022-09-10,33.29848593042089
2022-09-11,32.31455664619154
2022-09-12,33.68030935799863
2022-09-13,28.77114883807106
2022-09-14,25.150829671367575
2022-09-15,24.222526002129996
2022-09-16,25.51988746232295
2022-09-17,26.562411948875667
2022-09-18,27.994954471802718
2022-09-19,26.1942455120268
2022-09-20,26.457914003682024
2022-09-21,25.30963683472641
2022-09-22,23.89436593146244
2022-09-23,26.68590706784375
2022-09-24,26.701383024541897
2022-09-25,19.968125128994696
2022-09-26,20.03153506123726
2022-09-27,20.549693432081728
2022-09-28,21.05856873257146
2022-09-29,20.0140178811668
2022-09-30,17.23952477683372
2022-10-01,21.330516065519493
2022-10-02,26.295632201030028
2022-10-03,27.843285364301483
2022-10-04,25.956685911189822
2022-10-05,25.677685880679455
2022-10-06,25.075111326110278
2022-10-07,27.277338744099165
2022-10-08,26.165473929118644
2022-10-09,26.15803478715879
2022-10-10,22.47246051799171
2022-10-11,20.369259517947366
2022-10-12,18.75099567278539
2022-10-13,20.10131751484642
2022-10-14,23.980918095334356
2022-10-15,26.46403408830125
2022-10-16,26.154477477435826
2022-10-17,27.654965150676148
2022-10-18,28.958814055434285
2022-10-19,28.183657139117802
2022-10-20,26.501367080775427
2022-10-21,26.5656877799802
2022-10-22,27.504136546066025
2022-10-23,25.372218485343762
2022-10-24,26.496839441470062
2022-10-25,27.825050431123195
2022-10-26,26.309657502006093
2022-10-27,27.183282060557087
2022-10-28,26.525480780268797
2022-10-29,26.214926483864858
2022-10-30,25.513970000859423
2022-10-31,26.348647441680473
2022-11-01,24.27379084090146
2022-11-02,24.10770467857786
2022-11-03,22.510608002823716
2022-11-04,21.480394588843524
2022-11-05,21.888057923496767
2022-11-06,22.569212755849026
2022-11-07,24.14203259521079
2022-11-08,22.845778196596
2022-11-09,21.229805135959847
2022-11-10,19.62471752507973
2022-11-11,20.875587622291814
2022-11-12,22.702855596579266
2022-11-13,22.5233358282413
2022-11-14,22.56124330728786
2022-11-15,21.785317757747492
2022-11-16,19.083828634250025
2022-11-17,19.937513969591862
2022-11-18,17.381549420035352
2022-11-19,12.120769759034888
2022-11-20,14.238918325933914
2022-11-21,17.6613012201558
2022-11-22,16.533627415083394
2022-11-23,19.532473563560213
2022-11-24,20.35716714680696
2022-11-25,18.80500515701746
2022-11-26,19.94039465329747
2022-11-27,20.982166684716105
2022-11-28,16.782738692812632
2022-11-29,16.29158778337876
2022-11-30,17.250210745616368
2022-12-01,13.575244271232439
2022-12-02,10.259666928997618
2022-12-03,12.815235140695561
2022-12-04,15.270149582521507
2022-12-05,17.064568055536476
2022-12-06,14.54646242868931
2022-12-07,17.08151408693074
2022-12-08,17.192180618280982
2022-12-09,15.40695198056979
2022-12-10,13.538110363523652
2022-12-11,14.309178373614609
2022-12-12,17.694723528932666
2022-12-13,18.968899094927416
2022-12-14,18.12907376984968
2022-12-15,11.531713806764241
2022-12-16,11.45074674141306
2022-12-17,13.121292103025233
2022-12-18,15.000624819932911
2022-12-19,16.413460090903754
2022-12-20,16.14625258838434
2022-12-21,15.867296793036397
2022-12-22,15.916931043535605
2022-12-23,17.087247380728623
2022-12-24,17.295746421919624
2022-12-25,16.748484655987212
2022-12-26,15.863412979877848
2022-12-27,15.975400147657545
2022-12-28,15.318931328613996
2022-12-29,14.382125573102257
2022-12-30,15.606417683936156
2023-01-01,15.012302795577432
2023-01-02,15.006506158866475
2023-01-03,14.321956077970844
2023-01-04,13.931552556223089
2023-01-05,13.571702646810547
2023-01-06,13.513220264383486
2023-01-07,13.506103490843664
2023-01-08,13.854043779806974
2023-01-09,13.566923581571094
2023-01-10,15.259163868854873
2023-01-11,13.632680273130287
2023-01-12,12.763474552173177
2023-01-13,14.042286521573532
2023-01-14,14.610280963168071
2023-01-15,14.218825104600564
2023-01-16,11.957524647297438
2023-01-17,12.288573580858218
2023-01-18,8.025163856716029
2023-01-19,8.018651389096203
2023-01-20,9.810183932230643
2023-01-21,11.29837049429612
2023-01-22,9.848335080662356
2023-01-23,9.309377872479374
2023-01-24,6.2274929503328575
2023-01-25,5.705252843729592
2023-01-26,7.300877153251194
2023-01-27,5.601025736059665
2023-01-28,5.50005898639811
2023-01-29,6.968313699881201
2023-01-30,7.873294527824904
2023-01-31,9.382277839129246
2023-02-01,9.587449693547168
2023-02-02,8.48734952965411
2023-02-03,9.458357729421262
2023-02-04,10.5726260601362
2023-02-05,12.19510947590958
2023-02-06,11.996195328707259
2023-02-07,10.89649709969785
2023-02-08,11.409592502064177
2023-02-09,12.652208870017084
2023-02-10,11.035923607892947
2023-02-11,12.954914812550179
2023-02-12,13.948756524223116
2023-02-13,14.403900328243008
2023-02-14,12.788538525118328
2023-02-15,13.266145715227072
2023-02-16,13.865340378631947
2023-02-17,11.730378509884599
2023-02-18,16.452887190657666
2023-02-19,17.399397467748386
2023-02-20,18.81578213243186
2023-02-21,19.26672445994771
2023-02-22,17.07845221506928
2023-02-23,16.030001766056657
2023-02-24,7.740174565807082
2023-02-25,7.458147370328221
2023-02-26,8.913349684970052
2023-02-27,10.290306134496175
2023-02-28,9.783094649905152
2023-03-01,10.282207788457244
2023-03-02,8.919661849408776
2023-03-03,12.13706136688659
2023-03-04,13.325070731239423
2023-03-05,16.427272362133326
2023-03-06,16.335759853888078
2023-03-07,17.272626821456477
2023-03-08,19.337231690658438
2023-03-09,18.492166883565215
2023-03-10,19.952337504910812
2023-03-11,21.182806911885294
2023-03-12,23.15937103026787
2023-03-13,22.533299158720205
2023-03-14,19.522891196100357
2023-03-15,22.333705329321663
2023-03-16,24.068871667098286
2023-03-17,19.026299443084866
2023-03-18,14.098439691805503
2023-03-19,14.352216956408162
2023-03-20,15.55885298005123
2023-03-21,18.96968162113323
2023-03-22,21.0266888938715
2023-03-23,22.956193547339538
2023-03-24,21.984109417087137
2023-03-25,24.009208376347317
2023-03-26,24.251835245276503
2023-03-27,24.048199686664628
2023-03-28,23.996955404586874
2023-03-29,26.290848823086062
2023-03-30,24.687072856976673
2023-03-31,24.095088109100477
2023-04-01,22.248086162510276
2023-04-02,20.107118026535517
2023-04-03,21.9143547793827
2023-04-04,19.473570567092022
2023-04-05,20.24926435825012
2023-04-06,20.404378469488986
2023-04-07,21.037861794141016
2023-04-08,23.25070536711125
2023-04-09,23.195813680501363
2023-04-10,24.289691865333857
2023-04-11,24.874583778455904
2023-04-12,23.955839346848038
2023-04-13,20.419613022931138
2023-04-14,21.970958155894454
2023-04-15,23.331680005497024
2023-04-16,25.490400865820963
2023-04-17,26.078857966038616
2023-04-18,27.087793367700563
2023-04-19,22.358205020716508
2023-04-20,21.5550476567742
2023-04-21,20.965976117538805
2023-04-22,21.008548112573234
2023-04-23,23.41331712136966
2023-04-24,26.079108677395965
2023-04-25,28.58751016179779
2023-04-26,30.498165026328174
2023-04-27,32.10428483769232
2023-04-28,32.873774324806675
2023-04-29,27.383291386067583
2023-04-30,24.248466387472128
2023-05-01,24.754433799653302
2023-05-02,29.16934772227028
2023-05-03,29.651569865544232
2023-05-04,25.86025239126982
2023-05-05,26.499545767591524
2023-05-06,22.660290596539387
2023-05-07,23.791302523797025
2023-05-08,27.36145192259119
2023-05-09,29.16068412620655
2023-05-10,28.122121301902663
2023-05-11,26.797580988752262
2023-05-12,25.06991916189581
2023-05-13,21.51980446014341
2023-05-14,20.568446693245445
2023-05-15,23.051701187598077
2023-05-16,24.84986257833715
2023-05-17,13.473791530055708
2023-05-18,13.863416824640264
2023-05-19,15.188133435756503
2023-05-20,19.32817787278957
2023-05-21,15.796872705424622
2023-05-22,15.296304941766863
2023-05-23,16.303131634206217
2023-05-24,17.39632571317432
2023-05-25,21.076394714103017
2023-05-26,23.402317575498554
2023-05-27,17.61104751211238
2023-05-28,17.672707390024083
2023-05-29,19.48533379907769
2023-05-30,17.78622962265596
2023-05-31,20.98078469459311
2023-06-01,20.57576135022406
2023-06-02,19.60066636746514
2023-06-03,20.466321543852544
2023-06-04,21.845596593066237
2023-06-05,23.3590297943287
2023-06-06,25.120291091923036
2023-06-07,25.865246499619214
2023-06-08,25.504647400534704
2023-06-09,22.735086627174805
2023-06-10,23.473306128311716
2023-06-11,24.675523464532585
2023-06-12,25.925752088959598
2023-06-13,23.44231934013904
2023-06-14,24.43826002946283
2023-06-15,29.904644945016678
2023-06-16,32.356630235142056
2023-06-17,32.94220167366985
2023-06-18,28.844947628040437
2023-06-19,26.736769323379722
2023-06-20,25.77703639508673
2023-06-21,26.26801728436548
2023-06-22,29.330899844155375
2023-06-23,32.81715229373258
2023-06-24,34.9798457256166
2023-06-25,34.93374509893317
2023-06-26,34.55470055670293
2023-06-27,35.61546755087181
2023-06-28,34.225441874621794
2023-06-29,32.62103117899012
2023-06-30,32.07979189624078
2023-07-01,32.025968913970104
2023-07-02,33.16340691955135
2023-07-03,33.23376844296644
2023-07-04,31.971437394983056
2023-07-05,32.842508211736764
2023-07-06,32.55934519078207
2023-07-07,31.0985957266443
2023-07-08,31.52471488904445
2023-07-09,35.40128540231071
2023-07-10,38.13114597112432
2023-07-11,38.37113097285905
2023-07-12,37.288968171445084
2023-07-13,36.456042328538
2023-07-14,35.17416071630225
2023-07-15,32.430225191254884
2023-07-16,34.96197920830898
2023-07-17,37.17494079801727
2023-07-18,36.723065361978655
2023-07-19,36.5522188631843
2023-07-20,35.00941994060728
2023-07-21,32.513119488470046
2023-07-22,33.53501701908981
2023-07-23,35.8432524139484
2023-07-24,32.141399938114226
2023-07-25,31.30404988765476
2023-07-26,31.5139053176921
2023-07-27,29.496372367908606
2023-07-28,32.023723222795695
2023-07-29,34.26297999242874
2023-07-30,34.68706318884079
2023-07-31,34.974811533427165
2023-08-01,33.055101678674895
2023-08-02,32.63686848270037
2023-08-03,30.657830880560603
2023-08-04,31.498828206063273
2023-08-05,34.722986301999626
2023-08-06,37.99526197659474
2023-08-07,37.19451352462528
2023-08-08,37.13086675464798
2023-08-09,37.78139850415293
2023-08-10,37.263045279158234
2023-08-11,37.65470766492099
2023-08-12,36.959458310245594
2023-08-13,35.64479320149697
2023-08-14,35.49814822442213
2023-08-15,34.557819586610876
2023-08-16,33.98723431662301
2023-08-17,34.12111498262289
2023-08-18,35.23952342260025
2023-08-19,35.902510940359846
2023-08-20,35.99908485115814
2023-08-21,34.16301320913773
2023-08-22,35.031138138628684
2023-08-23,35.384726444091065
2023-08-24,35.27392787014086
2023-08-25,35.75693238630433
2023-08-26,35.377019531383525
2023-08-27,29.066462765838164
2023-08-28,28.720447333675448
2023-08-29,30.595543709081
2023-08-30,28.468868443655207
2023-08-31,29.4156916317785
2023-09-01,30.056604085325084
2023-09-02,23.66720974733102
2023-09-03,20.981989764526528
2023-09-04,24.154069800526923
2023-09-05,26.21538594564965
2023-09-06,27.873069426645
2023-09-07,29.559076771586394
2023-09-08,29.77812165842488
2023-09-09,28.208863689491714
2023-09-10,28.47304871064091
2023-09-11,27.039369856284235
2023-09-12,24.78265510137357
2023-09-13,27.11740933651923
2023-09-14,28.765359937142005
2023-09-15,25.85895826784242
2023-09-16,27.831970361350926
2023-09-17,25.857021130995253
2023-09-18,23.50233099417555
2023-09-19,24.240144780369025
2023-09-20,24.42741264178715
2023-09-21,24.191409338953076
2023-09-22,23.786651877585648
2023-09-23,26.002875514290245
2023-09-24,29.31423114931186
2023-09-25,29.624684367905424
2023-09-26,27.371204684483285
2023-09-27,28.105878312243984
2023-09-28,29.138797722467213
2023-09-29,29.843074442380836
2023-09-30,29.288386192983292
2023-10-01,30.113308387869107
2023-10-02,30.345639695240624
2023-10-03,29.02315059638546
2023-10-04,28.00510498097864
2023-10-05,29.12259218510073
2023-10-06,29.16995068906796
2023-10-07,28.61337898351698
2023-10-08,27.826176546298132
2023-10-09,27.16230158446625
2023-10-10,27.36072666931774
2023-10-11,26.990424507934275
2023-10-12,27.23355096910988
2023-10-13,27.391139334089395
2023-10-14,21.41159931510465
2023-10-15,23.852236861775083
2023-10-16,25.51193370345425
2023-10-17,26.7763406739231
2023-10-18,25.532812107569068
2023-10-19,24.615433047309665
2023-10-20,16.075719358657775
2023-10-21,18.29252301325969
2023-10-22,23.504693412197664
2023-10-23,18.579193614071052
2023-10-24,17.555568870850156
2023-10-25,19.670926318904236
2023-10-26,22.222429485943056
2023-10-27,19.722166940345623
2023-10-28,17.54130048308572
2023-10-29,20.12163883377891
2023-10-30,19.109524202249624
2023-10-31,22.849923358870267
2023-11-01,20.85169269471776
2023-11-02,22.15715351706276
2023-11-03,16.242200225990793
2023-11-04,20.31267823965572
2023-11-05,19.224278398345998
2023-11-06,13.865094739117856
2023-11-07,13.49404765587773
2023-11-08,15.623218088673188
2023-11-09,18.385968932304436
2023-11-10,18.552708290831035
2023-11-11,21.609646909411154
2023-11-12,22.236778980887223
2023-11-13,23.934877196129264
2023-11-14,24.417299585800787
2023-11-15,23.90618963050197
2023-11-16,22.8076325655415
2023-11-17,23.201564751309956
2023-11-18,22.836795300169175
2023-11-19,22.60219066778917
2023-11-20,21.00616108455537
2023-11-21,18.246091686412296
2023-11-22,13.741575508788298
2023-11-23,13.55653425543459
2023-11-24,15.685720439685173
2023-11-25,16.275829707664567
2023-11-26,16.201401526430548
2023-11-27,17.316888043732806
2023-11-28,17.16826840716184
2023-11-29,17.246663277416527
2023-11-30,19.467110674485205
2023-12-01,18.602810735052433
2023-12-02,12.534147574853518
2023-12-03,14.557578167821914
2023-12-04,17.664065995556214
2023-12-05,16.48327603019718
2023-12-06,15.5130126367744
2023-12-07,17.400688992957285
2023-12-08,16.816016853916825
2023-12-09,17.118721960819006
2023-12-10,21.689314432264773
2023-12-11,22.949629770733573
2023-12-12,21.671757490438637
2023-12-13,17.06038104505181
2023-12-14,11.9194506543967
2023-12-15,14.403088042020027
2023-12-16,13.264894625221526
2023-12-17,12.13173117818872
2023-12-18,10.396151786023843
2023-12-19,11.075545629393996
2023-12-20,12.33423687496976
2023-12-21,12.30996846496242
2023-12-22,14.91449368493818
2023-12-23,15.231433240513972
2023-12-24,15.846608251160045
2023-12-25,16.15534176103341
2023-12-26,13.921107204718243
2023-12-27,12.938089814240914
2023-12-28,16.00282262466459
2023-12-29,17.147060471638042
2023-12-30,15.575799487733203
2024-01-01,12.738623746605326
2024-01-02,17.128636300911488
2024-01-03,18.200763672296166
2024-01-04,17.688190361099753
2024-01-05,10.161874177922002
2024-01-06,10.585202052426299
2024-01-07,12.690659662882947
2024-01-08,14.510513848024148
2024-01-09,15.649860165279328
2024-01-10,14.060564048459986
2024-01-11,14.508806977789082
2024-01-12,16.892367214239872
2024-01-13,18.602458349941042
2024-01-14,19.029764354689807
2024-01-15,18.803624219252658
2024-01-16,19.42629008016061
2024-01-17,17.800581029028017
2024-01-18,18.135662290885467
2024-01-19,11.714424789047609
2024-01-20,12.056681974441938
2024-01-21,12.998849239300219
2024-01-22,14.510356729892582
2024-01-23,18.483496961142528
2024-01-24,19.232047491238315
2024-01-25,20.099667560110127
2024-01-26,20.158496285579712
2024-01-27,19.705360357323396
2024-01-28,19.034281316606066
2024-01-29,18.392810049759273
2024-01-30,17.65821910581007
2024-01-31,17.291365208721693
2024-02-01,16.64412749995666
2024-02-02,17.038396573540627
2024-02-03,16.11051310704924
2024-02-04,17.10807763757591
2024-02-05,17.009152215116814
2024-02-06,16.50467945143215
2024-02-07,16.858198244625488
2024-02-08,18.65492208175476
2024-02-09,11.538729922085578
2024-02-10,12.012550870672618
2024-02-11,14.236420443864159
2024-02-12,17.665740232604843
2024-02-13,21.475000108142805
2024-02-14,23.08550989636583
2024-02-15,19.998965469616255
2024-02-16,15.051743913224088
2024-02-17,14.102865188132496
2024-02-18,13.693423555083152
2024-02-19,17.521432072868805
2024-02-20,17.061025885773443
2024-02-21,19.003680558093023
2024-02-22,18.558074502525386
2024-02-23,10.402589079213472
2024-02-24,9.388415938233589
2024-02-25,14.624638840546504
2024-02-26,13.118485149194921
2024-02-27,7.631226839564529
2024-02-28,10.033642260748167
2024-02-29,13.037455178489964
2024-03-01,13.274995445341608
2024-03-02,13.383001023666749
2024-03-03,10.66440415191318
2024-03-04,15.006176496927297
2024-03-05,15.266160725413641
2024-03-06,17.63404974588698
2024-03-07,17.381205465596924
2024-03-08,10.98698573381123
2024-03-09,12.989414760508863
2024-03-10,10.166391852492222
2024-03-11,13.771733310421444
2024-03-12,18.512398860238434
2024-03-13,19.18641747332275
2024-03-14,17.219267604000432
2024-03-15,18.721143256793088
2024-03-16,22.020158135853542
2024-03-17,25.597477532672364
2024-03-18,26.000069927640546
2024-03-19,24.535021977503177
2024-03-20,20.339193084700327
2024-03-21,21.393505221290916
2024-03-22,24.1744141204902
2024-03-23,24.477489421958644
2024-03-24,22.339085544271846
2024-03-25,15.394702328493512
2024-03-26,6.680068018826844
2024-03-27,11.818160366618732
2024-03-28,17.65671625178876
2024-03-29,13.93735182698764
2024-03-30,13.79873057847692
2024-03-31,17.283875471050536
2024-04-01,12.929824022203142
2024-04-02,19.736138381399787
2024-04-03,20.303844832825117
2024-04-04,24.098492317695165
2024-04-05,26.56796460173946
2024-04-06,27.311516299136063
2024-04-07,23.31484956742993
2024-04-08,19.38341533819254
2024-04-09,18.96781453499719
2024-04-10,21.86859991551742
2024-04-11,23.52546129394016
2024-04-12,19.548509127156002
2024-04-13,20.263775547032143
2024-04-14,20.866045681053297
2024-04-15,23.17721570739482
2024-04-16,25.53863055902186
2024-04-17,26.56867931099556
2024-04-18,24.971007265490503
2024-04-19,23.13955215368388
2024-04-20,16.893170311193053
2024-04-21,13.844466767749877
2024-04-22,18.322507602546338
2024-04-23,20.903370231318224
2024-04-24,19.929303490423766
2024-04-25,20.117277643337008
2024-04-26,18.119125173453835
2024-04-27,17.036009380504158
2024-04-28,11.51357639561744
2024-04-29,12.551183505669849
2024-04-30,12.892189816626416
2024-05-01,17.552306189982172
2024-05-02,17.666768510031766
2024-05-03,21.542036868032916
2024-05-04,25.028107890083362
2024-05-05,24.55114470543789
2024-05-06,22.230840545239566
2024-05-07,24.94802269432872
2024-05-08,27.270938763702357
2024-05-09,27.728642922219496
2024-05-10,27.634653847828897
2024-05-11,27.608806060348975
2024-05-12,26.156128820756408
2024-05-13,26.27152281173123
2024-05-14,22.770596251876523
2024-05-15,21.302673621371174
2024-05-16,21.20197995663378
2024-05-17,22.342271418220808
2024-05-18,19.82933528249254
2024-05-19,18.345455383707893
2024-05-20,17.412887401479786
2024-05-21,19.784268803492747
2024-05-22,23.68640145286458
2024-05-23,25.109884861681635
2024-05-24,25.14166517068532
2024-05-25,27.888423822319723
2024-05-26,28.67243602655204
2024-05-27,29.63550159903692
2024-05-28,30.466828447818823
2024-05-29,32.132413751989795
2024-05-30,31.771232369908734
2024-05-31,32.42893256130981
2024-06-01,30.32065881165653
2024-06-02,28.309085644243375
2024-06-03,27.461712466445178
2024-06-04,26.25113983880218
2024-06-05,30.034205117902594
2024-06-06,32.15751718220252
2024-06-07,25.566934933666445
2024-06-08,21.708916970068373
2024-06-09,23.2467662564961
2024-06-10,22.70484489307152
2024-06-11,20.24581845511032
2024-06-12,21.78994810551354
2024-06-13,27.27793059344203
2024-06-14,29.977765850885934
2024-06-15,25.972215580729774
2024-06-16,26.820112408100353
2024-06-17,29.313750828448534
2024-06-18,27.617214249369923
2024-06-19,21.90648127876829
2024-06-20,21.927840390165564
2024-06-21,26.79581141274588
2024-06-22,30.277866840206954
2024-06-23,32.568200324007265
2024-06-24,32.71553710947476
2024-06-25,32.45792766676285
2024-06-26,25.756792014186004
2024-06-27,21.04473686025131
2024-06-28,23.741933426931013
2024-06-29,27.117082257707875
2024-06-30,27.438093690704854
2024-07-01,27.406092051392886
2024-07-02,30.609526961150628
2024-07-03,32.685892265265075
2024-07-04,35.13339478127894
2024-07-05,33.27098280425237
2024-07-06,28.08161122680887
2024-07-07,27.21390984439185
2024-07-08,29.245367238568058
2024-07-09,31.262548618409326
2024-07-10,35.39128928500041
2024-07-11,37.306885647611765
2024-07-12,35.436672775772685
2024-07-13,34.231717388588464
2024-07-14,33.69709200462826
2024-07-15,32.85276818809012
2024-07-16,33.50952807413534
2024-07-17,35.716862521904496
2024-07-18,36.9891926133168
2024-07-19,37.08419765521558
2024-07-20,35.28756263535807
2024-07-21,32.73085916493583
2024-07-22,35.76397747203937
2024-07-23,37.830199087241375
2024-07-24,38.24507955996314
2024-07-25,35.981107175410685
2024-07-26,33.30582632198394
2024-07-27,33.267621433366386
2024-07-28,34.89755031764078
2024-07-29,35.27426764496442
2024-07-30,36.409624529063024
2024-07-31,36.26840199721959
2024-08-01,35.535048794243544
2024-08-02,33.83397706168967
2024-08-03,34.6486546110944
2024-08-04,35.48497244535755
2024-08-05,34.801837924537715
2024-08-06,33.19584507550199
2024-08-07,34.21368555479899
2024-08-08,33.5233178714205
2024-08-09,34.03462397929209
2024-08-10,35.86641756965921
2024-08-11,37.16299923520664
2024-08-12,35.34950561902755
2024-08-13,32.26261341235889
2024-08-14,28.776160932811568
2024-08-15,31.603562468097117
2024-08-16,32.80639050464262
2024-08-17,34.47686695524572
2024-08-18,37.03007155787265
2024-08-19,34.6257785670073
2024-08-20,33.276268394564184
2024-08-21,31.508076799878705
2024-08-22,30.966830317281907
2024-08-23,29.081655158056126
2024-08-24,32.46554332244729
2024-08-25,34.23633045266601
2024-08-26,31.467380218563356
2024-08-27,30.589767809645817
2024-08-28,31.04945337032536
2024-08-29,30.786541620681803
2024-08-30,31.547319712692573
2024-08-31,30.635479750373058
2024-09-01,30.224289460149432
2024-09-02,30.527359412961072
2024-09-03,30.638285059580546
2024-09-04,30.492634905225916
2024-09-05,31.581657435466013
2024-09-06,32.2201141183151
2024-09-07,31.99377875762914
2024-09-08,26.796787671697672
2024-09-09,25.935355263388153
2024-09-10,26.137354213812667
2024-09-11,20.54156151098082
2024-09-12,24.184841325034544
2024-09-13,28.38547738729307
2024-09-14,28.367020047262
2024-09-15,29.736336285595872
2024-09-16,28.055814228283705
2024-09-17,25.652114055565054
2024-09-18,25.96539636113173
2024-09-19,22.82373721331823
2024-09-20,25.198361333932304
2024-09-21,24.039705951083146
2024-09-22,21.73779019298838
2024-09-23,23.030802018292146
2024-09-24,23.431486004071928
2024-09-25,25.04755305193529
2024-09-26,26.530083120627253
2024-09-27,24.934405437156705
2024-09-28,25.063670080600552
2024-09-29,28.652360283142503
2024-09-30,30.731052418144596
2024-10-01,30.563450525055195
2024-10-02,29.05576518721021
2024-10-03,24.74855770681061
2024-10-04,24.524117967362052
2024-10-05,25.5325057483023
2024-10-06,25.616559617734545
2024-10-07,25.80392883577838
2024-10-08,23.320307711759884
2024-10-09,25.564235068646536
2024-10-10,22.133621999666556
2024-10-11,25.96088468210688
2024-10-12,25.159706612987964
2024-10-13,21.947200340071085
2024-10-14,20.939507944235547
2024-10-15,19.950075244532876
2024-10-16,20.328564458768803
2024-10-17,18.599749589404972
2024-10-18,19.096374978199133
2024-10-19,20.31639721352788
2024-10-20,22.56529621446144
2024-10-21,23.161846584749846
2024-10-22,22.078551127702035
2024-10-23,21.42974426689319
2024-10-24,21.969057274608314
2024-10-25,20.770027826809418
2024-10-26,13.874529063187989
2024-10-27,11.678491758593255
2024-10-28,11.294579639078155
2024-10-29,12.810427437939094
2024-10-30,15.980426238666844
2024-10-31,18.403065828963644
2024-11-01,18.461090949949856
2024-11-02,17.322478298973017
2024-11-03,18.348171433472835
2024-11-04,21.902520301903415
2024-11-05,22.438378663337854
2024-11-06,22.35802064011907
2024-11-07,22.91117683801927
2024-11-08,24.282729055900095
2024-11-09,23.10003568911786
2024-11-10,19.06247074178474
2024-11-11,18.410540233759246
2024-11-12,18.541226633376173
2024-11-13,17.772268817903793
2024-11-14,18.600695843080285
2024-11-15,20.100239440974846
2024-11-16,20.81201039716203
2024-11-17,21.686836540534454
2024-11-18,21.743244492785003
2024-11-19,17.168121466290557
2024-11-20,17.146215858260888
2024-11-21,17.723030239316977
2024-11-22,16.821887885820022
2024-11-23,19.09733111328588
2024-11-24,21.47350231586533
2024-11-25,21.02698008870676
2024-11-26,21.15270385827969
2024-11-27,20.884487664115955
2024-11-28,20.975666958398197
2024-11-29,20.752578359119404
2024-11-30,20.660688297865242
2024-12-01,19.857041500784852
2024-12-02,18.930058364153997
2024-12-03,18.039909489582488
2024-12-04,14.762879134237817
2024-12-05,15.454256430719028
2024-12-06,18.309847188052572
2024-12-07,18.96193554192294
2024-12-08,16.184421670380683
2024-12-09,12.028483980251194
2024-12-10,10.020180529963747
2024-12-11,10.596288391662116
2024-12-12,12.25151464290466
2024-12-13,12.922183258592568
2024-12-14,15.056832190158435
2024-12-15,15.170396667641322
2024-12-16,15.565039753534927
2024-12-17,17.666254906379915
2024-12-18,19.07417244612915
2024-12-19,18.128620726160282
2024-12-20,13.95039123173681
2024-12-21,11.97680145147595
2024-12-22,14.34638579032817
2024-12-23,15.814974729300927
2024-12-24,14.918758813001917
2024-12-25,15.91906938575524
2024-12-26,15.888009671308058
2024-12-27,13.949956135932464
2024-12-28,11.903172666590056
2024-12-29,11.103123804059894
2024-12-30,10.724620303838808
2025-01-01,9.203203251461948
2025-01-02,10.5151311633733
2025-01-03,13.415171706005589
2025-01-04,14.53928915859067
2025-01-05,14.276300740390456
2025-01-06,10.298071250434628
2025-01-07,11.424336886743859
2025-01-08,16.748684005720815
2025-01-09,16.03995221754366
2025-01-10,16.592178889059888
2025-01-11,15.259788617437446
2025-01-12,14.839925528343871
2025-01-13,11.45763782772855
2025-01-14,8.374581625810068
2025-01-15,8.702484007498088
2025-01-16,10.893290594011681
2025-01-17,6.658463034911253
2025-01-18,7.898203956469231
2025-01-19,10.924123304113982
2025-01-20,13.998364339631394
2025-01-21,16.63210213354884
2025-01-22,16.297593693810853
2025-01-23,15.230733894269703
2025-01-24,16.289372028020182
2025-01-25,15.945561551273064
2025-01-26,16.72932814914765
2025-01-27,18.076899446835927
2025-01-28,12.188978852406597
2025-01-29,15.332890196647602
2025-01-30,7.5426622225566415
2025-01-31,8.00337020661181
2025-02-01,10.087255723003409
2025-02-02,8.587978944244561
2025-02-03,9.98508002552805
2025-02-04,9.54631749781996
2025-02-05,10.693243060541153
2025-02-06,11.412216942073359
2025-02-07,12.994436359291132
2025-02-08,13.256569741996994
2025-02-09,15.298936172706343
2025-02-10,16.075362068986756
2025-02-11,16.12836064870711
2025-02-12,14.487393680286552
2025-02-13,15.092303735140256
2025-02-14,18.108655795459736
2025-02-15,18.46911786707258
2025-02-16,10.379319484687485
2025-02-17,14.959707730197666
2025-02-18,17.337108325937027
2025-02-19,11.609859676538463
2025-02-20,15.218906963598565
2025-02-21,17.406847437350017
2025-02-22,14.438422012060832
2025-02-23,11.776701383098583
2025-02-24,14.54034399758251
2025-02-25,15.862791091531081
2025-02-26,14.732641506410149
2025-02-27,16.33897412228549
2025-02-28,12.953786193635356
2025-03-01,10.24620659831524
2025-03-02,14.398736722710183
2025-03-03,16.76491710838064
2025-03-04,14.552264187374375
2025-03-05,14.744755546152584
2025-03-06,11.481086213078147
2025-03-07,14.053350100347965
2025-03-08,15.158580538230833
2025-03-09,10.344670829517746
2025-03-10,12.46818593948552
2025-03-11,12.984269522587427
2025-03-12,13.28093778437374
2025-03-13,13.658844627724642
2025-03-14,11.145069535523852
2025-03-15,11.109922100863663
2025-03-16,14.271058063770328
2025-03-17,15.830902545705525
2025-03-18,13.699244256598474
2025-03-19,18.70614273949732
2025-03-20,20.22986228962415
2025-03-21,14.547844586388814
2025-03-22,11.38230243558993
2025-03-23,11.240182153938447
2025-03-24,10.544387252181753
2025-03-25,11.945323793177325
2025-03-26,13.75504234022699
2025-03-27,16.882494014409538
2025-03-28,18.98575182871417
2025-03-29,20.382741673862505
2025-03-30,20.752299679122405
2025-03-31,23.48221003717577
2025-04-01,17.0455321319835
2025-04-02,18.16979743151722
2025-04-03,18.962829113688464
2025-04-04,18.313479081754387
2025-04-05,16.936946350435683
2025-04-06,16.35819738738778
2025-04-07,20.024322778946853
2025-04-08,24.847768007063657
2025-04-09,25.65142610075239
2025-04-10,23.43960918099196
2025-04-11,24.163626474542305
2025-04-12,18.771024775463218
2025-04-13,13.26763672837902
2025-04-14,15.577839892596963
2025-04-15,11.743909290897175
2025-04-16,11.385617637443094
2025-04-17,17.65291889390109
2025-04-18,21.919494445543346
2025-04-19,17.221800217365647
2025-04-20,12.811077379437652
2025-04-21,17.633441790175354
2025-04-22,19.04397694965489
2025-04-23,23.049078989408198
2025-04-24,26.237854773677515
2025-04-25,21.72562339961783
2025-04-26,21.888520503168778
2025-04-27,24.339431494121698
2025-04-28,25.6658756890055
2025-04-29,22.23351353465675
2025-04-30,19.99522463478588
2025-05-01,24.04329046766428
2025-05-02,22.23957812018854
2025-05-03,18.887207785113134
2025-05-04,18.689607666291078
2025-05-05,19.089158912691655
2025-05-06,20.343593820575585
2025-05-07,22.321149619544634
2025-05-08,18.320395509574926
2025-05-09,21.015445766106335
2025-05-10,20.14296726641963
2025-05-11,18.38913356139298
2025-05-12,19.958964382883515
2025-05-13,16.282755366042863
2025-05-14,14.821890675350486
2025-05-15,17.12005789166126
2025-05-16,21.493289281434222
2025-05-17,26.091635629648344
2025-05-18,26.7700075737655
2025-05-19,25.355852658275843
2025-05-20,25.09372190507629
2025-05-21,26.30322854096985
2025-05-22,25.583199939438696
2025-05-23,22.721370429447173
2025-05-24,22.49766873381379
